:020000040800F2
:10000000C0220020550100088D4C00083541000831
:10001000894C0008F1060008DD920008000000008D
:100020000000000000000000000000001D5D00084E
:10003000FF070008000000009D540008975D0008BD
:100040006F0100086F0100086F010008F5570008F4
:100050006F0100086F0100086F0100086F010008C0
:100060006F0100086F0100086F0100086F010008B0
:100070006F0100086F0100086F0100086F010008A0
:100080006F0100086F0100086F0100086F01000890
:10009000AD8D00086F0100086F0100086F010008B6
:1000A0006F0100086F0100086F0100086F01000870
:1000B0006F0100086F0100086F0100086F01000860
:1000C0006F0100086F0100086F0100086F01000850
:1000D0006F0100086F0100086F0100086F01000840
:1000E0006F0100086F0100086F0100086F01000830
:1000F000D7440008DF440008653800086F01000895
:100100006F0100086F0100086F0100086F0100080F
:100110006F0100086F0100086F0100086F010008FF
:100120006F0100086F0100086F0100086F010008EF
:100130006F0100086F0100086F010008DFF810D0A0
:1001400000F048F800480047819E0008AFF30080A7
:10015000C02200200648804706480047FEE7FEE729
:10016000FEE7FEE7FEE7FEE7FEE7FEE7FEE7FEE767
:10017000615E00083D01000810B540EA0104034635
:10018000A40703D009E010C9121F10C3042AFAD231
:1001900003E011F8014B03F8014B521EF9D210BDD8
:1001A000D2B201E000F8012B491EFBD270470022B9
:1001B000F6E710B513460A4604461946FFF7F0FF66
:1001C000204610BD421C10F8011B0029FBD1801AEB
:1001D00070470000064C074D06E0E06840F0010360
:1001E00094E8070098471034AC42F6D3FFF7AAFF13
:1001F00040A3000870A3000870B58C1810F8015BCC
:1002000015F0070301D110F8013B2A1106D110F8AF
:10021000012B03E010F8016B01F8016B5B1EF9D1B3
:100220002B0705D40023521E0DD401F8013BFAE739
:1002300010F8013BCB1A921C03E013F8015B01F8A4
:10024000015B521EF9D5A142D8D3002070BD000039
:1002500000B587B01C2205496846FFF78DFF06F000
:100260002BF8684605F0E2FB07B000BD84A100084A
:10027000436803F10B018A1C704700002DE9FF4120
:100280000446002000900190029003900026002771
:10029000606800F10B0808F10205287800BBFFF741
:1002A000D7FF0F208DF800007F208DF8020000BFDF
:1002B0000F480068000C0646ADF80C6000BF0C4803
:1002C0000068C0F30B000746ADF80E70684605F0F5
:1002D000A0FB00F033F80021012008F0C5FD04E088
:1002E0002878012801D100202070BDE8FF8100009E
:1002F000002004E070477FB50446606800F10B05FC
:100300002888A0F51240082815D2DFE800F0040B79
:100310000F1410111213684605F096FB2046FFF7E4
:10032000ADFF09E02046FFF7A3FF05E004E003E08E
:1003300002E001E000E000BF00BF7FBD30B591B03A
:100340009225442224496846FFF716FF00F0C0F9C1
:100350000121022008F088FD204A0021022008F037
:10036000C1FD684605F047FB04460CB100F049FAB0
:1003700000F010F905F04AFC0020194981F87400DA
:100380004FF6FF708881174A0021012008F0AAFD6E
:10039000062009F0C7FA054604F0FEFC124B0022C5
:1003A0000F497531104603F04FFC104B00220C49E9
:1003B0007631104603F048FC00200949C873887361
:1003C00080200B490880A0200A490880012000F005
:1003D0002BF811B030BD0000D0A10008C59C00086A
:1003E000781D0020F90300081D040008955D000831
:1003F000860000208800002010B5074890F874009F
:10040000052808D0922409F0EBF8044600200249A0
:1004100081F8740000BF10BD781D002010B50021C8
:10042000012008F0BBFE10BDF0B587B0044692274E
:10043000012C04D1224805882248068803E04FF4A5
:10044000C8654FF47A66204991F8750003F000FE04
:10045000022C0DD11C4890F87400012804D01A48D1
:1004600090F87400022803D109F0BAF8074600BFDB
:10047000154880F8744000220F301349897BCDE97C
:10048000040212480692039108211346CDE9002187
:10049000029032462946002009F01DF807460C4913
:1004A0000E2009F0BCF8074607B107E0012C05D182
:1004B000054991F87500074903F068FD07B0F0BDE4
:1004C0008600002088000020781D0020C6A10008BA
:1004D0008E00002046E00100704770B5054615B15A
:1004E000012D0AD104E00324204608F0E5FC05E0D4
:1004F0000324204608F00CFD00E000BF00BF70BDE3
:1005000070B504462546696801F1080005F0C0FB96
:10051000064616B10120287001E00020287070BD49
:10052000704770472DE9F04100BF174800688046CA
:1005300008F10100E0B100BF1348001D00686FF032
:100540007F4101EA102400BF00BF0F48001D07785B
:1005500000BF0E4981F800804FEA18204870084615
:100560008770CC70200A0871200C48710E4607E095
:10057000002004F0A5FB05460DB12E4600E0044E18
:100580003046BDE8F08100008075FF1F800000202C
:10059000A0A100082DE9F0418AB0002006904FF09C
:1005A000920809F011FB8046FFF7BCFF0446224683
:1005B0000621002009F007FA804660793E4908725A
:1005C00020794872E0788872A078C87260780873E1
:1005D00020784873394A1021182009F0F4F9804630
:1005E000374A1021082009F0EEF980461821012031
:1005F00009F0BFF9804609F038F98046002545F03A
:100600000105002D1ADD2FA607A808A909AB0722AE
:10061000CDE900100021284608F0CCFE8046304687
:10062000FFF7D0FDC7B23B4600220096BDF8201070
:10063000BDF8240009F039F9804600BF06A802235E
:1006400000220090BDF81C10BDF8240009F02DF91F
:10065000804602221146002009F075FA80460120EA
:100660001A490870087808F094FF8046012017495D
:1006700048700820C870102008710120887000217F
:10068000012312480079CDE90231049101900F480D
:10069000C0780E4A0090517890780023012208F02B
:1006A000D2FE80460948807818B108F064FE804682
:1006B00000BF0AB0BDE8F0818E000020A6A10008AE
:1006C000B6A100085032505352563100781D002018
:1006D0001CB504480090044801906946034809F09D
:1006E000E5F91CBD28000320DB0400080105000813
:1006F00000BFFEE70346042B15D007DC7BB1012BBE
:100700000ED0022B0DD0032B12D10BE0202B0BD0DF
:10071000212B0AD0222B09D0232B09D107E008E096
:1007200007E006E005E004E003E002E001E000E0AD
:1007300000BF00BF002070470020704710B50022A6
:100740000449054806F063F90449034806F050F9E6
:10075000002010BD781500209C080020780D002096
:1007600070B504460D462146034806F041F902489B
:1007700006F0FEF8002070BD9C08002010B503466E
:100780000C460021084610BD7047000010B5044615
:1007900054B90B48006818B1002009490968884716
:1007A00000200849087009E0012006490870044843
:1007B000006818B1012002490968884710BD00008F
:1007C000A0010020EC01002010B5002004F078FA10
:1007D000044674B1A0790749074A11604FF0B0414F
:1007E000D1F89C1021F47C5141EA0021116000BF36
:1007F00000BF10BDFECAFECA9C000058704770477B
:10080000704772B600BFFEE770B50A480468001D65
:100810000568001D0668344454B108220649204684
:1008200003F0A1FE042204491031284603F09BFE88
:1008300070BD00009075FF1F520000202DE9F84F99
:1008400005460C464FF0000A00200090F949E06888
:10085000884200D000E000BF00BF95F8500001289A
:1008600002D10220BDE8F88F012085F8500000BFBA
:10087000286803F0B0FE002872D12968D4E900206E
:1008800001F1300CC0F3012B0CEB8B03D3F800C04B
:1008900000F01F0E4FF01F0B0BFA0EFB2CEA0B0C97
:1008A00000F01F0BC2F3846E0EFA0BFE4CEA0E0C26
:1008B000C3F800C000BF286803F08DFE8146286899
:1008C00003F07AFE8046B9F1000F2AD1B8F1000F8B
:1008D000FBD1A2682168286803F082FE606929685C
:1008E000C968C1F3C101490000FA01F72069042871
:1008F00018D028682268216900F1600C0CEB810394
:10090000D3F800C0DFF830B30CEA0B0C02F0F84B60
:100910004BF0004B4BEA070B4CEA0B0CC3F800C042
:1009200000BFA8E00021286803F03DFEC0F31200DC
:1009300030B90021286803F036FEC0F3846007E078
:100940000021286803F02FFE90FAA0F0B0FA80F0A2
:100950002168C1F3120121B92168C1F3846105E066
:10096000ACE1216891FAA1F1B1FA81F1884204D198
:1009700000221146286803F04DFE0121286803F08B
:1009800012FEC0F3120030B90121286803F00BFEFB
:10099000C0F3846007E00121286803F004FE90FAA8
:1009A000A0F0B0FA80F02168C1F3120119B92168F2
:1009B000C1F3846104E0216891FAA1F1B1FA81F1F7
:1009C000884204D100220121286803F023FE02217D
:1009D000286803F0E8FDC0F3120030B9022128684E
:1009E00003F0E1FDC0F3846007E00221286803F012
:1009F000DAFD90FAA0F0B0FA80F02168C1F312019C
:100A000019B92168C1F3846104E0216891FAA1F168
:100A1000B1FA81F1884204D100220221286803F052
:100A2000F9FD0321286803F0BEFDC0F3120030B9C0
:100A30000321286803F0B7FDC0F3846007E00321B9
:100A4000286803F0B0FD90FAA0F0B0FA80F02168B9
:100A5000C1F3120119B92168C1F3846104E021686E
:100A600091FAA1F1B1FA81F1884204D10022032167
:100A7000286803F0CFFD286803F0A3FD002870D19B
:100A80002868E2682168D0F8B0C0C1F312032CEAEC
:100A9000030C02F0180B694B23FA0BF30B404CEAE2
:100AA000030CC0F8B0C000BF6249E06888427DD145
:100AB0002368C3F312031BB92368C3F3846304E000
:100AC000236893FAA3F3B3FA83F35B1C03F01F03C9
:100AD000092B3ED82368C3F312031BB92368C3F361
:100AE000846304E0236893FAA3F3B3FA83F35B1CF3
:100AF00003F01F034FF0010C0CFA03FC2368C3F34F
:100B000012031BB92368C3F3846304E0236893FAD8
:100B1000A3F3B3FA83F35B1C03F01F034CEA836C6B
:100B20002368C3F312031BB92368C3F3846304E08F
:100B3000236893FAA3F3B3FA83F35B1C03F01F0358
:100B400003EB43034FF0000B4BEA03534CEA030360
:100B500041E02368C3F3120323B92368C3F384631A
:100B600005E066E0236893FAA3F3B3FA83F35B1C12
:100B700003F01F034FF0010C0CFA03FC2368C3F3CE
:100B800012031BB92368C3F3846304E0236893FA58
:100B9000A3F3B3FA83F35B1C03F01F034CEA836CEB
:100BA0002368C3F312032BB9236800E018E0C3F3F2
:100BB000846304E0236893FAA3F3B3FA83F35B1C22
:100BC00003F01F030A3B03EB43034FF0007B4BEAA8
:100BD00003534CEA03031946A268286803F000FD9A
:100BE00017492068084020B300BF1648806800F00D
:100BF000E07600BF144803F0E4FC68BB13492068AA
:100C0000884232D106F4000038BB0F492868884278
:100C10005AD146F400010B4803F0F6FC0C4800687A
:100C20000C49B0FBF1F0401C00EB4000800000904C
:100C300017E02AE000007F4000F0FF03FFFF0700FD
:100C4000000008800003045000000450000052C758
:100C5000AC000020400D030029E006E00098401E93
:100C6000009000980028F9D12EE01B4920688842A6
:100C70000CD106F0807048B918492868884223D101
:100C800046F08071164803F0BFFC1DE0154920684E
:100C9000884219D106F48000B0B91049286888420A
:100CA00012D146F480010E4803F0AEFC0CE0686DF2
:100CB00040F0200068654FF0010A05E0686D40F0E3
:100CC000200068654FF0010A00BF002085F8500041
:100CD00000BF5046C6E50000000084CB0000045071
:100CE00000030450010000802DE9F84304464FF052
:100CF000000900250020009014B90120BDE8F88308
:100D0000206920B12020005D012800D100BF606D66
:100D100030B9204600F0EAF80020A06584F85000C1
:100D200020688168C1F3407131B120688168684AE8
:100D30001140816000BF00BF206803F047FCB0B9DC
:100D400020688168634A114041F08051816000BF92
:100D5000614800686149B0FBF1F0401C4000009020
:100D600002E00098401E009000980028F9D1206809
:100D700003F02CFC48B9606D40F010006065A06D78
:100D800040F00100A0654FF00109206803F023FC4A
:100D90000646606D00F0100000286FD1002EFCD1D7
:100DA000606D20F4807040F002006065206803F000
:100DB00008FC68B94A4803F004FC48B9606849492E
:100DC000896821F47C110143464A916000BF00BF4D
:100DD000607E616B41EA4030E1680843A1680843E6
:100DE0002021095D40EA014005432020005D0128E3
:100DF00003D1A08C401E45EA4045A06A28B1208D51
:100E000000F47070E16A084305432068C068364901
:100E1000084028432168C860206803F0DCFB804656
:100E2000206803F0C9FB0746B8F1000F2DD127BB9E
:100E3000207E002141EA803194F8300041EA4005EB
:100E40002068C06844F20201884328432168C860D2
:100E500094F83800012812D1E06B40F00101206CB9
:100E60000843616C0843A16C08432168096940F29A
:100E7000FC72914308432168086106E01FE0206886
:100E8000006920F00100216808612069012809D16A
:100E90002068006B20F00F00E169491E08432168BB
:100EA000086305E02068006B20F00F0021680863EC
:100EB000606D20F0020040F00100606505E0606DAB
:100EC00040F0100060654FF00109484616E7000049
:100ED000C0FFFF5FC0FFFF7FAC000020400D03009C
:100EE000000004500003045007C0F0FF10B59AB092
:100EF0000446142115A8FFF75AF9502101A8FFF75D
:100F000056F91149206888421CD14FF48060019045
:100F1000C004109001A801F0BDFC08B1FFF771FCFE
:100F20004FF4005003F08FFB012003F08CFB0120F5
:100F30001590032016900020179015A94FF09040AF
:100F400000F024F81AB010BD0000045070B504463B
:100F500000F0F0F806462546681C10B100F0F0F8E5
:100F600005440AE000BF0848006820F00400064974
:100F7000086000BF00BF00BF30BF00F0DBF8801B7F
:100F8000A842EFD370BD000010ED00E070B503463D
:100F90000A460021B6E001268E40156805EA0604DF
:100FA000002C6ED0157905F00305012D04D01579BC
:100FB00005F00305022D13D198684E000325B540B6
:100FC000A8434E00D568B54028439860586801256D
:100FD0008D40A8431579C5F300158D40284358600E
:100FE000157905F00305032D09D0D8684E000325B7
:100FF000B540A8434E009568B5402843D8601579A0
:1010000005F00305022D13D1CE0803F1200555F894
:1010100026004D07EE0E0F25B540A8434E07F60EED
:101020001569B5402843CE0803F1200545F8260090
:1010300018684E000325B540A843157905F003054F
:101040004E00B54028431860556805F44035002D22
:1010500057D02F4D8E0855F826008D072E0F0F25DF
:10106000B540A843B3F1904F01D1002515E0294DBB
:10107000AB4201D1012510E0274DAB4202D1022540
:101080000BE03EE0254DAB4201D1032505E0244DA8
:10109000AB4201D1042500E007258E07360FB5408D
:1010A00028431B4D8E0845F826001E4D2868A04396
:1010B000556805F4801505B120431A4D28602D1D93
:1010C0002868A043556805F4001505B12043154D67
:1010D0002D1D2860134D80352868A043556805F400
:1010E000803505B120430F4D803528602D1D2868BF
:1010F000A043556805F4003505B12043094D8435FA
:101100002860491C1568CD40002D7FF444AF70BDA8
:10111000080001400004004800080048000C004896
:1011200000100048000800580AB1816100E08162A7
:10113000704700000148006870470000A0000020D0
:101140000148007870470000A800002001480068AE
:1011500070470000A40000207047000010B5074849
:10116000046806480C380068A04304490C3908603C
:10117000081D04602046FFF7EFFF10BD0C15005856
:10118000024692F8410020282DD100BF92F840007D
:10119000012801D102207047012082F8400000BFE1
:1011A000242082F841001068006820F001001368D4
:1011B00018601068006820F4805013681860106888
:1011C00000680843136818601068006840F0010068
:1011D00013681860202082F8410000BF002082F8C8
:1011E000400000BFD7E70220D5E710B502460B4606
:1011F00092F8410020282AD100BF92F8400001282F
:1012000001D1022010BD012082F8400000BF24203F
:1012100082F841001068006820F001001468206026
:101220001068016821F4706141EA032110680160CF
:101230001068006840F0010014682060202082F8E7
:10124000410000BF002082F8400000BFDAE7022022
:10125000D8E7000010B504460CB9012010BD94F881
:10126000410028B9002084F84000204600F0D8F959
:10127000242084F841002068006820F001002168E3
:101280000860606820F070602168086120688068EC
:1012900020F4004021688860E068012805D1A0683A
:1012A00040F400402168886004E0A06840F40440F5
:1012B00021688860E068022806D12068406840F410
:1012C00000602168486005E02068406820F4006004
:1012D00021684860206840681349084321684860D5
:1012E0002068C06820F400402168C860D4E9040187
:1012F0000843A16940EA01202168C860D4E90701D8
:101300000843216808602068006840F001002168F7
:10131000086000206064202084F8410000202063E1
:1013200084F8420000BF99E7008000022DE9F843ED
:101330000446894616461F46DDF8208094F8410091
:10134000202873D100BF94F84000012802D1022068
:10135000BDE8F883012084F8400000BFFFF7EAFEF3
:10136000054619230122D1032046009502F0ACFF67
:1013700008B10120ECE7222084F84100102084F815
:10138000420000206064666267856063608DFF28AC
:101390000CD9FF2020853C48009094F828204FF07D
:1013A00080734946204602F073FF0BE0608D208574
:1013B0003548009094F828204FF0007349462046A5
:1013C00002F066FF3FE02A464146204602F0BEFF9B
:1013D00008B10120BCE72068406A616A0870606A51
:1013E000401C6062208D401E2085608D401E6085FF
:1013F000608D40B3208D30BB4346002280212046C3
:10140000009502F061FF08B10120A1E7608DFF287F
:101410000DD9FF2020850020009094F828204FF05F
:1014200080734946204602F033FF0CE02AE0608DCD
:1014300020850020009094F828204FF00073494642
:10144000204602F025FF608D0028BCD12A46414687
:10145000204602F0DDFF08B1012079E72020216855
:10146000C861206840680949084021684860202018
:1014700084F84100002084F8420000BF84F8400056
:1014800000BF65E7022063E70024008000E800FE5B
:101490002DE9F84F04468A4617469846DDF828900D
:1014A00094F84100202878D100BF94F8400001282A
:1014B00002D10220BDE8F88F012084F8400000BF6F
:1014C000FFF738FE054619230122D1032046009577
:1014D00002F0FAFE08B10120ECE7212084F8410077
:1014E000102084F84200002060646762A4F82A801B
:1014F0006063608DFF2804D9FF2020854FF080763F
:1015000003E0608D20854FF00076208DC0B1606AC9
:10151000007821688862606A401C6062608D401EAD
:101520006085208D401E20853B48009094F828005F
:10153000401CC2B233465146204602F0A9FE08E0E4
:101540003548009094F8282033465146204602F052
:101550009FFE3FE02A464946204602F089FF08B137
:101560000120A7E7606A007821688862606A401CF1
:101570006062608D401E6085208D401E2085608DDC
:1015800040B3208D30BB4B46002280212046009581
:1015900002F09AFE10B101208CE73AE0608DFF283E
:1015A0000CD9FF2020850020009094F828204FF0CF
:1015B00080735146204602F06BFE0BE0608D208563
:1015C0000020009094F828204FF0007351462046E8
:1015D00002F05EFE608D0028BCD12A4649462046B6
:1015E00002F016FF08B1012064E720202168C861DD
:1015F000206840680949084021684860202084F834
:101600004100002084F8420000BF84F8400000BF81
:1016100050E702204EE700000020008000E800FEB6
:1016200010B59AB00446142115A8FEF7C0FD50214C
:1016300001A8FEF7BCFD1E492068884236D104206F
:1016400001904FF44030099001A801F023F908B14E
:10165000FFF7D7F802204FF0B041C96C01434FF0BB
:10166000B042D1641146C96C0140009100BF00BF77
:101670004FF440701590122016900020179018908B
:101680000420199015A90B48FFF780FC4FF40010B7
:101690004FF0B041896D01434FF0B0429165114662
:1016A000896D0140009100BF00BF00BF1AB010BD9E
:1016B000005400400004004870B504460026B4B150
:1016C0000C4D94F8380010B9204600F015F8284663
:1016D00002F009FF286840F001102860204602F05F
:1016E0000BFF00206063012084F8380000E0012631
:1016F000304670BD000C005838B5044611492068CA
:1017000088421ED14FF480104FF0B041096D014363
:101710004FF0B04211651146096D0140009100BFC4
:1017200000BF002211462C2000F0D2F82C2000F03F
:10173000A9F8002211462D2000F0CAF82D2000F053
:10174000A1F838BD000C0058704770470348006886
:10175000034909780844014908607047A000002047
:10176000A800002010B500240948006840F48070EB
:1017700007490860032000F0E9F8002000F00AF8AB
:1017800008B1012401E000F02FF8204610BD000050
:101790000040005870B50446002511480078D8B1C3
:1017A00001F034FB0E4909784FF47A72B2FBF1F183
:1017B000B0FBF1F6304602F039F858B9102C07D2D8
:1017C00000222146501E00F083F80648046004E021
:1017D000012502E0012500E00125284670BD00003A
:1017E000A8000020A400002008B54FF400204FF00E
:1017F000B041096D01434FF0B04211651146096DCA
:101800000140009100BF00BF002211462E2000F0D1
:101810005FF82E2000F036F808BD000010B5014634
:101820000846002807DB00F01F0301229A40034B03
:10183000440943F8242000BF10BD000080E200E00E
:1018400010B501460846002817DB00F01F030122EF
:101850009A400B4B440943F8242000BF00BF00BF4F
:10186000BFF34F8F00BF00BF00BF00BF00BF00BF6E
:10187000BFF36F8F00BF00BF00BF00BF10BD0000EF
:1018800080E100E00146084600280DDB00BF00BFF4
:1018900000F01F0301229A4043099B0003F1E0235B
:1018A000C3F8002100BF00BF00BF704710B501465C
:1018B0000846002807DB00F01F0301229A40034B73
:1018C000440943F8242000BF10BD000000E200E0FE
:1018D0002DE9F05F80460D46164607F003FD0746EA
:1018E00039462A46334601F00700C0F1070ABAF12B
:1018F000040F02D94FF0040A01E0C0F1070AD146F3
:1019000000F1040ABAF1070F02D24FF0000A01E019
:10191000A0F1030AD4464FF0010A0AFA09FAAAF123
:10192000010A0AEA020A0AFA0CFA4FF0010B0BFA52
:101930000CFBABF1010B0BEA030B4AEA0B0421464B
:10194000404607F0D7FCBDE8F09F000000BF00F064
:101950000702064B19684FF6FF031940044B0B436F
:1019600043EA0221014B196000BF70470CED00E013
:101970000000FA05024611680120C2F8D0020020DA
:1019800082F8C80231F8540F40F00100088008883E
:1019900040F0020021F854090020704770B5044659
:1019A0000D4615B1012D1CD10EE0607A38B104F05E
:1019B000F6F90D48006820F006000B490860D4F8DD
:1019C000D80205F08AFD0CE0D4F8D80205F018FE24
:1019D000607A28B10448006840F0060002490860B7
:1019E00000BF00BF70BD000010ED00E070B50546FF
:1019F0000C4604F08000802808D104F0070000EBBA
:101A0000800605F1100000EBC60105E004EB84063A
:101A100005F5A87000EBC6011AB900200873CB8049
:101A200004E0012008730B81180C4881002070BD70
:101A300070B504460D4605EB850304F1100101EB7A
:101A4000C3014A692946D4F8D80205F067FB70BD86
:101A500070B504460D4605EB850304F5A87101EB4E
:101A6000C3014A692946D4F8D80205F0DFFB70BDEE
:101A700070B504460E4606F0800080280AD106F0B4
:101A8000070000EB800104F1100000EBC10501200C
:101A9000687009E006F0070000EB800104F5A8700B
:101AA00000EBC1050020687006F00700287000BF39
:101AB00094F89002012801D1022070BD012084F821
:101AC000900200BF2946206806F000FC00BF0020FD
:101AD00084F8900200BF00BFEFE770B504460E46E1
:101AE00006F00F002179884201D9012070BD06F06F
:101AF000800080280AD106F0070000EB800104F185
:101B0000100000EBC1050120687009E006F0070035
:101B100000EB800104F5A87000EBC105002068709F
:101B20000020A87006F00700287000BF94F890020B
:101B3000012801D10220D9E7012084F8900200BFDA
:101B40002946206806F01DFD00BF002084F89002A1
:101B500000BF00BFCAE72DE9F04105460C46174615
:101B600007F4804000284FD02868B0F85010207843
:101B700001EBC000801C296801F58061405AC0F368
:101B80000906A069B04203D3A069801BA06101E0EF
:101B90000020A061A069A8B900BF2278520029687E
:101BA00031F812104BF68F7201EA020080F40050F7
:101BB00040F4004141F0800123785B002A6822F85C
:101BC000131000BF07F04000A8B100BF00BF22788B
:101BD0005200296831F8121048F68F7201EA0200AB
:101BE00040F4004141F0C00123785B002A6822F8EC
:101BF000131000BF00BF002E54D022896169334604
:101C0000286807F0DFF84DE02868B0F85010207819
:101C100001EBC000801D296801F58061405AC0F3C6
:101C20000906A069B04203D3A069801BA06101E04E
:101C30000020A061A069A8B900BF227852002968DD
:101C400031F812104BF68F7201EA020080F4005056
:101C500040F4004141F0800123785B002A6822F8BB
:101C6000131000BF07F04000A8B900BF00BF2278E2
:101C70005200296831F8121048F68F7201EA02000A
:101C800040F4004141F0C00123785B002A6822F84B
:101C9000131000BF00BF2EB1628961693346286806
:101CA00007F090F83046BDE8F0812DE9F047054691
:101CB0000C46904608F0400000287ED02868B0F816
:101CC0005010207801EBC000801C296801F580616C
:101CD000405AC0F30907A069B84203D9A069C01BE4
:101CE000A06101E00020A061A069002866D100BFCA
:101CF0006078B8B900BF29682A68B2F8502011444A
:101D00002278022303EBC20201F58063D01800BFE2
:101D10000288C2F309020280028842F40042028073
:101D200000BF12E0607801280FD100BF28682A6840
:101D3000B2F8502010442278022303EBC20200F5CF
:101D40008063D11800220A8000BF00BF00BF29684D
:101D50006078F8B900BF2B68D5F800C0BCF850C057
:101D6000634494F800C04FF0060909EBCC0C03F56E
:101D700080690CEB090000BFB0F800C0CCF3090C7F
:101D8000A0F800C0B0F800C04CF4004CA0F800C0AF
:101D900000BF0FE0607801280CD12868B0F850002F
:101DA00001442078062303EBC00001F58063C218CC
:101DB0000020108000BFE07801E0CBE037E002288F
:101DC00015D100BF22785200296831F8121048F668
:101DD000BF7201EA020080F0200040F4004141F0AF
:101DE000800123785B002A6822F8131000BF217855
:101DF0002846FFF71DFE08F48040A8B100BF00BFD1
:101E000022785200296831F8121048F68F7201EAE0
:101E1000020040F4004141F4814123785B002A68CC
:101E200022F8131000BF00BF0020BDE8F08708F4BF
:101E30008040A8B100BF00BF22785200296831F865
:101E4000121048F68F7201EA020040F4004141F49A
:101E5000814123785B002A6822F8131000BF00BF7D
:101E600094F82400012874D1606938446061E06905
:101E70003844E0612169206A884204D32669206AD7
:101E8000801B20620BE0206A20B93E46002084F8C7
:101E9000240004E0002084F82400266A206200BFA9
:101EA0006078E0BB00BF2A682968B1F850100A4486
:101EB0002178022303EBC10102F58063194408462F
:101EC00000BF0388C3F30903038026B9038843F4E2
:101ED0000043038021E03E2E0ED800BF710806F0BB
:101EE000010303B1491C03884FF6FF7C0CEA812CE7
:101EF00043EA0C03038010E000BF710906F01F03E2
:101F000003B9491E03884FF4004C4CEA812C1FFA98
:101F10008CFC43EA0C03038000BF00BF12E0FFE724
:101F2000607801280ED100BF28682A68B2F85020D6
:101F300010442278022303EBC20200F58063D1181B
:101F40000E8000BF00BFB3B222896169286806F025
:101F500063FF56E12868B0F85010207801EBC0000C
:101F6000801D296801F58061405AC0F30907A06906
:101F7000B84203D3A069C01BA06101E00020A061AA
:101F8000A06900287DD100BF6078B8B900BF29687A
:101F90002A68B2F8502011442278022303EBC202CF
:101FA00001F58063D01800BF0288C2F309020280E5
:101FB000028842F40042028000BF12E060780128EB
:101FC0000FD100BF28682A68B2F850201044227848
:101FD000022303EBC20200F58063D11800220A80BD
:101FE00000BF00BF00BF29686078F8B900BF2B6848
:101FF000D5F800C0BCF850C0634494F800C04FF05E
:10200000060909EBCC0C03F580690CEB090000BF55
:10201000B0F800C0CCF3090CA0F800C0B0F800C0C4
:102020004CF4004CA0F800C000BF0FE0607801281D
:102030000CD12868B0F8500001442078062303EB47
:10204000C00001F58063C2180020108000BFE07856
:10205000022815D100BF22785200296831F81210E9
:1020600048F6BF7201EA020080F0200040F400410F
:1020700041F0800123785B002A6822F8131000BF2A
:1020800000E01EE021782846FFF7D2FC08F48040EB
:10209000A8B900BF00BF22785200296831F8121099
:1020A00048F68F7201EA020040F4004141F4814198
:1020B00023785B002A6822F8131000BF00BF0020BD
:1020C000B3E608F48040A8B900BF00BF22785200F0
:1020D000296831F8121048F68F7201EA020040F4C4
:1020E000004141F4814123785B002A6822F81310F3
:1020F00000BF00BF94F8240001287ED160693844F5
:102100006061E0693844E0612169206A884204D353
:102110002669206A801B20620BE0206A20B93E46B7
:10212000002084F8240004E0266A0020206284F85D
:10213000240000BF2A68607898BB00BFD5F800C0B3
:102140002968B1F850108C4421784FF0060909EB4A
:10215000C1010CF580694944084600BFB0F8009001
:10216000C9F30909A0F8009036B9B0F8009049F415
:102170000049A0F800902AE03E2E13D800BF710855
:1021800006F00109B9F1000F00D0491CB0F8009029
:102190004FF6FF7A0AEA812A49EA0A09A0F8009074
:1021A00015E016E000BF710906F01F09B9F1000F34
:1021B00000D1491EB0F800904FF4004A4AEA812A43
:1021C0001FFA8AFA49EA0A09A0F8009000BF00BF86
:1021D0000EE0607801280BD12868B0F85000024466
:1021E0002078062101EBC00002F5806143181E80B3
:1021F00000BFB3B26289616900E002E0286806F0BE
:102200000BFE00BF22785200296831F8121048F600
:10221000BF7201EA020080F0100080F0200040F45C
:10222000004141F0800223785B00296821F81320E7
:1022300000BF0020F9E5024601F0070000EB800333
:1022400002F5A87000EBC300C06970472DE9F047A4
:1022500005460E4690461F464FF0000906F08000E6
:1022600080280AD106F0070000EB800105F110007C
:1022700000EBC1040120607009E006F0070000EBEC
:10228000800105F5A87000EBC1040020607006F025
:1022900007002070C8F30A002061E770022F01D107
:1022A0000020207100BF95F89002012802D1022081
:1022B000BDE8F087012085F8900200BF214628681C
:1022C00005F0E0FC00BF002085F8900200BF484602
:1022D000EEE72DE9F04105460E461746984606F012
:1022E000070000EB800105F5A87000EBC1046761F1
:1022F000C4F818800020E061607006F007002070CC
:102300002146286806F0D5F90020BDE8F08170B5B7
:1023100004460E4606F007002179884201D90120C3
:1023200070BD06F0800080280AD106F0070000EB9F
:10233000800104F1100000EBC1050120687007E086
:1023400006EB860104F5A87000EBC105002068705B
:102350000120A87006F00700287000BF94F89002D2
:10236000012801D10220DBE7012084F8900200BFA0
:102370002946206806F06FF900BF002084F890021B
:1023800000BF00BFCCE72DE9F04105460E46904660
:102390001F4606F0070000EB800105F1100000EB7E
:1023A000C104C4F81480A761012084F824002762C6
:1023B0000020E0610120607006F0070020702146D7
:1023C000286806F076F90020BDE8F08170B5044673
:1023D000206806F0F3FC054605F40040B0F5004F18
:1023E00003D1204602F0BCFD70BD05F48060B0F55D
:1023F000806F10D12068B0F844004FF6FF310840DC
:102400002168A1F84400204600F0ACF900212046E4
:1024100000F0D5F9E8E705F48040B0F5804F09D128
:102420002068B0F844004BF6FF7108402168A1F81D
:102430004400D9E705F40050B0F5005F09D12068E9
:10244000B0F844004DF6FF7108402168A1F844003F
:10245000CAE705F48050B0F5805F29D12068B0F854
:1024600040004FF6FB7108402168A1F84000206849
:10247000B0F840004FF6F77108402168A1F840001D
:1024800094F8C802012806D1002084F8C80200216F
:102490002046FFF783FA204600F076F92068B0F86E
:1024A00044004EF6FF7108402168A1F844009BE704
:1024B00005F40060B0F5006F1CD12068B0F8400052
:1024C00040F008002168A1F840002068B0F84400FE
:1024D0004FF2FF7108402168A1F844002068B0F86D
:1024E000400040F004002168A1F84000204600F0C0
:1024F000A3F979E705F0800080282FD12068B0F893
:1025000044004FF67F7108402168A1F8440094F818
:10251000C802F8B92068B0F8400040F00400216813
:10252000A1F840002068B0F8400040F008002168A1
:10253000A1F84000012084F8C8022068B0F85400D7
:1025400000F0F0008008C4F8CC0201212046FFF71B
:1025500025FA02E0204600F06FF945E705F4007027
:10256000B0F5007F0CD12068B0F844004FF6FF5161
:1025700008402168A1F84400204600F019F933E72B
:1025800005F48070B0F5807F09D12068B0F8440070
:102590004FF6FF6108402168A1F8440024E700BF1E
:1025A00022E770B504460CB9012070BD94F8910281
:1025B00028B9002084F89002204600F077F8032024
:1025C00084F89102206805F0D2FF00252AE001215D
:1025D00005EB850204F1100000EBC200417005EB31
:1025E000850104F1100000F83150002105EB85024F
:1025F00000EBC200C17005EB850204F1100000EB96
:10260000C200016105EB850204F1100000EBC2007D
:10261000416105EB850204F1100000EBC20081610D
:10262000681CC5B22079A842D1DC00252AE000212F
:1026300005EB850204F5A87000EBC200417005EBC4
:10264000850104F5A87000F83150002105EB8502E2
:1026500000EBC200C17005EB850204F5A87000EB29
:10266000C200016105EB850204F5A87000EBC20011
:10267000416105EB850204F5A87000EBC2008161A1
:10268000681CC5B22079A842D1DC94E8070005F0A7
:1026900064FF00202073012084F89102A07A0128B1
:1026A00002D12046FFF766F900207EE710B59AB008
:1026B0000446142115A8FDF77AFD502101A8FDF765
:1026C00076FD27492068884248D180150190062070
:1026D00002904FF400310391090204910901059120
:1026E0004911069188000E9001A800F0D3F808B1B6
:1026F000FEF787F801204FF0B041C96C01434FF05D
:10270000B042D1641146C96C0140009100BF00BFC6
:102710004FF4C0501590022016900020179018908A
:102720000A20199015A94FF09040FEF72FFC4FF0AA
:1027300080604FF0B041896D01434FF0B042916528
:102740001146896D0140009100BF00BF0022114673
:102750001420FFF7BDF81420FFF794F81AB010BD4D
:102760000068004070B5044601256079022801D058
:10277000FEF747F82946D4F8D80204F0CDFED4F885
:10278000D80204F073FE70BD10B50446607A38B10B
:102790000648006820F006000449086003F0FFFACC
:1027A000D4F8D80204F099FE10BD000010ED00E04E
:1027B00010B50446D4F8D80204F09AFE10BD70B5E6
:1027C00004460D4600BF94F89002012801D1022072
:1027D00070BD012084F8900200BF2573294620684F
:1027E00006F013FB00BF002084F8900200BF00BF7A
:1027F000EEE710B5044604F52671D4F8D80204F0CB
:10280000A2FE10BD10B5044600BF94F89002012846
:1028100001D1022010BD012084F8900200BF206881
:1028200006F0BAFA206805F08FFE00BF002084F899
:10283000900200BF00BFEDE710B50446D4F8D802FF
:1028400004F0DEFE607A28B10348006840F006001C
:102850000149086010BD000010ED00E00348006869
:1028600040F480600149086070470000040400588B
:102870000248006800F4C06070470000000400587F
:102880000348006840F48070014908607047000008
:10289000000400582DE9F04704460025A946207899
:1028A00000F0400040282CD1206B90B1B0F5800F93
:1028B00006D0B0F5000F12D0B0F5400F10D10DE0EA
:1028C0004FF0B040C06840F480304FF0B041C86075
:1028D00008E0201D02F0FBFD054603E002E001E0F8
:1028E000012500BF00BF5DB9206BA649096821F42E
:1028F000400101434FF0B042C2F8881000BF00E031
:10290000A946208800F40060B0F5006F57D100BFE1
:102910009C480830006800F440700746206CB842BC
:102920004BD0FFF7ADFF67B9206C964908310968B5
:1029300021F4407101434FF0B042C2F8901000BF43
:1029400039E090480830D0F8008000BF4FF0B04028
:10295000D0F8900040F480308A490831086000BF08
:1029600000BF4FF0B040D0F8900020F480300860F5
:1029700000BF28F44070216C40EA01084FF0B040DD
:10298000C0F8908000BFD0F8900000F0010088B13E
:10299000FEF7D0FB064608E0FEF7CCFB801B41F2B9
:1029A0008831884201D9032503E001F0C7FE0128E0
:1029B000F2D100BF00BFA94600E0A94600BF2078C1
:1029C00000F0010058B1A0696E49096821F00301C7
:1029D00001434FF0B042C2F8881000BF00BF20781A
:1029E00000F0020002280BD1E0696649096821F471
:1029F000406101434FF0B042C2F8881000BF00BFF1
:102A0000207800F01000102802D1A06A01F056FFD3
:102A1000207800F02000202802D1E06A01F04EFF6B
:102A2000207800F00400042802D1206A01F032FF6F
:102A3000207800F00800082802D1606A01F02AFF1F
:102A4000208800F48070B0F5807F1AD1676B38461B
:102A500001F014FF00BF606BB0F1006F07D14FF0C1
:102A6000B040C06840F080704FF0B041C860606B0B
:102A7000B0F1806F05D1201D02F070FD054605B153
:102A8000A946208800F40070B0F5007F25D100BF72
:102A9000A06BB0F1804F05D0A06BB0F1004F01D01A
:102AA000A06B18B9A06B01F017FF09E0A06B20F034
:102AB0008057002001F010FF384601F0DFFE00BF14
:102AC00000BFA06BB0F1C05F07D14FF0B040C0684D
:102AD00040F080704FF0B041C860208800F4806002
:102AE000B0F5806F1ED1E06B2649096821F0405196
:102AF00001434FF0B042C2F8881000BFE06BB0F164
:102B0000005F05D11046C06840F480301146C860AF
:102B1000E06BB0F1805F05D1201D02F066FD054637
:102B200005B1A946208800F48050B0F5805F0CD133
:102B3000606C14490C31096821F4404101434FF0A5
:102B4000B042C2F8941000BF00BF208800F40050CB
:102B5000B0F5005F13D1E06C4FF0B041496A21F04D
:102B6000300101434FF0B042516200BFA06C1146EA
:102B7000496A21F003010143516200BF00BF48468A
:102B8000BDE8F087880000582DE9F04104460E4664
:102B900014B90120BDE8F0819948006800F00700F1
:102BA000B04217D29648006820F00700304394499D
:102BB0000860FEF7BFFA054606E0FEF7BBFA401BC9
:102BC000022801D90320E5E78D48006800F00700DE
:102BD000B042F2D1207800F0020002281DD1A06896
:102BE0004FF0B041896821F0F00101434FF0B0424D
:102BF000916000BFFEF79EFA054606E0FEF79AFADE
:102C0000401B022801D90320C4E700BF4FF0B040A9
:102C10008068C0F300400028F0D0207800F0200049
:102C200020281CD160697749096821F0F00101432F
:102C30004FF0B042C2F8081100BFFEF77BFA05461C
:102C400006E0FEF777FA401B022801D90320A1E72E
:102C500000BF6C480068C0F340400028F1D02078E5
:102C600000F0400040281DD1A0696649096821F0A4
:102C70000F0141EA10114FF0B042C2F8081100BF35
:102C8000FEF758FA054606E0FEF754FA401B022804
:102C900001D903207EE700BF5A480068C0F3004016
:102CA0000028F1D0207800F0040004281DD1E0684D
:102CB0004FF0B041896821F4E06101434FF0B04228
:102CC000916000BFFEF736FA054606E0FEF732FADD
:102CD000401B022801D903205CE700BF4FF0B04041
:102CE0008068C0F340400028F0D0207800F0080051
:102CF00008281ED12169C8004FF0B041896821F42D
:102D0000605101434FF0B042916000BFFEF712FAEC
:102D1000054606E0FEF70EFA401B022801D9032003
:102D200038E700BF4FF0B0408068C0F38040002813
:102D3000F0D0207800F0010098B36068022804D138
:102D400001F0C8FCA8B9012024E76068032804D179
:102D500001F08DFD68B901201CE7606820B901F021
:102D60003BFD30B9012015E701F0C2FC08B9012094
:102D700010E760684FF0B041896821F0030101431A
:102D80004FF0B042916000BFFEF7D4F9054609E06C
:102D9000FEF7D0F9401B41F28831884202D9032066
:102DA000F8E605E001F08AFC6168B0EB810FEFD135
:102DB0001348006800F00700B04217D910480068B7
:102DC00020F0070030430E490860FEF7B3F90546CE
:102DD00006E0FEF7AFF9401B022801D90320D9E62F
:102DE0000748006800F00700B042F2D100F00EF88A
:102DF00005490860FEF7AAF90746FEF7CBFCC9E6CD
:102E00000040005808010058AC00002010B500F048
:102E10000FF84FF0B041896801F0F0010909034A49
:102E200052F82110B0FBF1F010BD000040A20008E4
:102E30002DE9F04101F042FC06463EB901F0C3FC29
:102E4000C0F30310254951F8204043E0042E01D17E
:102E5000234C3FE0082E07D101F036FC012801D1B8
:102E60001F4C37E01F4C35E001F0FBFC0746012FFB
:102E70000FD0022F02D0032F0AD101E0184D10E02D
:102E800001F022FC012801D1154D00E0154D08E0AC
:102E900000BF01F098FCC0F30310104951F8205016
:102EA00000BF00BF00BF4FF0B040C068C0F30620B5
:102EB00068434FF0B041C96801F07001012202EB94
:102EC0001111B0FBF1F14FF0B040C06802EB50704F
:102ED000B1FBF0F42046BDE8F0810000A0A200089C
:102EE0000024F4000048E8012DE9F041044614B93B
:102EF0000120BDE8F081207800F0200020286DD16D
:102F000001F0DCFB064601F0ACFC07461EB10C2EBE
:102F10002ED1012F2CD1E06908B90120E9E701F099
:102F200052FC616A88420CD2606A02F0FDFB08B173
:102F30000120DEE7606A01F060FC206A01F052FCCB
:102F40000BE0606A01F059FC206A01F04BFC606AFA
:102F500002F0EAFB08B10120CBE7FFF757FFF84981
:102F60000860F8480068FEF715FC80B30120C0E750
:102F7000E069B8B101F01EFCFEF7DCF8054606E09A
:102F8000FEF7D8F8401B022801D90320B1E701F071
:102F900023FC0028F4D0606A01F02FFC206A01F0C5
:102FA00021FC1AE000BF4FF0B040006820F00100A3
:102FB0004FF0B041086000BFFEF7BCF8054608E0DE
:102FC000FEF7B8F8401B022803D9032091E704E07C
:102FD00004E001F001FC0028F2D100BF207800F0ED
:102FE000010088B301F06AFB064601F03AFC07468F
:102FF000082E03D00C2E05D1032F03D1606878BBB7
:10300000012076E700BF6068B0F5803F0AD100BFBD
:103010004FF0B040006840F480304FF0B04108609D
:1030200000BF0AE000BF4FF0B040006820F48030DD
:103030004FF0B041086000BF00BF00BF606880B1C2
:10304000FEF778F8054607E01BE0FEF773F8401B33
:10305000642801D903204CE701F03CFB0028F4D0A0
:103060000EE0FEF767F8054606E0FEF763F8401B42
:10307000642801D903203CE701F02CFB0028F4D19F
:1030800000BF207800F0020002284CD101F016FBAE
:10309000064601F0E6FB0746042E03D00C2E09D1AC
:1030A000022F07D1E06808B9012022E7206901F06A
:1030B00025FB37E0E068E0B100BF4FF0B0400068AA
:1030C00040F480704FF0B041086000BFFEF732F866
:1030D000054606E0FEF72EF8401B022801D9032022
:1030E00007E701F005FB0028F4D0206901F006FB9A
:1030F00018E000BF4FF0B040006820F480704FF03F
:10310000B041086000BFFEF715F8054606E0FEF77F
:1031100011F8401B022801D90320EAE601F0E8FA81
:103120000028F4D100BF207800F00800082804D05F
:10313000207800F01000102851D16069002870D06C
:10314000207800F0100010284AD101F017FB80B958
:1031500001F008FBFDF7EEFF054606E0FDF7EAFF8C
:10316000401B022801D90320C3E601F007FB002819
:10317000F4D000BF7448006840F004004FF0B04144
:10318000C1F8940000BFFDF7D5FF054606E0FDF746
:10319000D1FF401B032801D90320AAE601F002FB5E
:1031A0000028F4D0A0696849096821F4706141EAF7
:1031B00000214FF0B042C2F8941000BF01F0C6FAEF
:1031C000FDF7B8FF054606E0FDF7B4FF401B0228F7
:1031D00001D903208DE601F0D1FA0028F4D142E0B4
:1031E00001F0C0FAFDF7A6FF054606E0FDF7A2FFD5
:1031F000401B022801D903207BE601F0BFFA00281A
:10320000F4D001F0C3FA06E0FDF794FF401B032859
:1032100001D903206DE601F0C5FA0028F4D122E0BF
:10322000FFE701F0B3FAFDF785FF054606E0FDF77D
:1032300081FF401B032801D903205AE601F0B2FAAE
:103240000028F4D101F082FAFDF774FF054606E08C
:10325000FDF770FF401B022801D9032049E601F069
:103260008DFA0028F4D1207800F00400042873D1EE
:103270003648006800F4807090B9FFF701FBFDF755
:1032800059FF054606E0FDF755FF401B022801D90E
:1032900003202EE62D48006800F480700028F2D04C
:1032A00000BFA068012802D101F034FA25E0A0682F
:1032B00005280DD100BF2448001F006840F004001D
:1032C0004FF0B041C1F8900000BF01F023FA14E0C4
:1032D00000BF1D48001F006820F001004FF0B04102
:1032E000C1F8900000BF00BF0846D0F8900020F061
:1032F0000400C1F8900000BF00BF00BFA06888B103
:10330000FDF718FF054608E0FDF714FF401B41F2EA
:103310008831884201D90320EBE501F007FA002843
:10332000F2D019E0FDF706FF054611E0FDF702FFB8
:10333000401B41F2883188420AD90320D9E50000B8
:10334000AC000020A40000209400005800040058A5
:1033500001F0ECF90028E9D1207800F04000402885
:1033600034D1A06AC8B100BF7B48006840F00100BA
:103370004FF0B041C1F8980000BFFDF7DBFE0546F5
:1033800006E0FDF7D7FE401B022801D90320B0E577
:1033900001F0A6F90028F4D018E000BF6E480068DC
:1033A00020F001004FF0B041C1F8980000BFFDF7D8
:1033B000C1FE054606E0FDF7BDFE401B022801D90F
:1033C000032096E501F08CF90028F4D1E06A00288A
:1033D00076D001F073F907464FF0B040C668E06A56
:1033E00002286ED106F00301206B814218D106F04D
:1033F0007001606B814213D1C6F30621A06B884235
:103400000ED106F47811E06B814209D106F06061BB
:10341000206C814204D106F06041606C814253D03F
:103420000C2F4FD04FF0B040006800F0806008B122
:1034300001205EE501F003FAFDF77CFE054606E09B
:10344000FDF778FE401B022801D9032051E54FF01B
:10345000B040006800F000700028F1D1D4E90C0100
:103460000843A16B40EA0120E16B0843216C08434B
:10347000616C08434FF0B041C968384A11400843B5
:103480004FF0B041C86001F0E3F94FF0B040C068C0
:1034900040F080504FF0B041C860FDF74BFE05464C
:1034A00006E0FDF747FE401B022801D9032020E576
:1034B0004FF0B040006800F000700028F1D047E005
:1034C00047E024E0012014E54FF0B040006800F030
:1034D0000070D0BB01F0BCF94FF0B040C06840F0C4
:1034E00080504FF0B041C860FDF724FE054606E06D
:1034F000FDF720FE401B022801D90320F9E44FF01C
:10350000B040006800F000700028F1D020E00C2FDF
:103510001CD001F094F9FDF70DFE054606E0FDF71D
:1035200009FE401B022801D90320E2E44FF0B0401D
:10353000006800F000700028F1D14FF0B040C06882
:10354000074908404FF0B041C86001E00120D0E4D5
:1035500000BF0020CDE40000980000588C80C1110D
:10356000FCFFFEEE18B503465348006840094FF4CF
:103570007A74B0FBF4F06043009000BF93F8200031
:10358000012801D1022018BD012083F8200000BFCE
:10359000022083F8210000BFCA201C68606253200B
:1035A0001C68606200BF1868806800F48060D0B159
:1035B00000BF0098401E0090009870B900BFFF2027
:1035C0001C68606200BF032083F8210000BF002058
:1035D00083F8200000BF0320D5E71868C068C0F357
:1035E00080000028E5D11868806820F480601C689D
:1035F000A0601868C06800F0800060F490601C68EB
:10360000E0602D48006840094FF47A74B0FBF4F094
:103610006043009000BF0098401E0090009870B971
:1036200000BFFF201C68606200BF032083F82100F8
:1036300000BF002083F8200000BF0320A3E7186824
:10364000C068C0F380000028E5D01868806820F0CA
:1036500007001C68A0601868806810431C68A060A0
:10366000186841611548006840F40020134C206040
:1036700012488038006840F40020104C803C2060E4
:103680001868806840F480401C68A06018688068F2
:1036900040F480601C68A06000BFFF201C6860626E
:1036A00000BF012083F8210000BF002083F8200024
:1036B00000BF00BF67E70000AC0000208008005892
:1036C00070B504460CB9012070BD94F8210028B9EA
:1036D000002084F82000204600F052F8022084F8F0
:1036E00021002068C068C0F3001000283ED100BF50
:1036F000CA202168486253202168486200BF2046E2
:1037000002F03AF80546EDB9206880681B49084088
:1037100021688860216960680843A16908432168BD
:1037200089680843216888602168E068086120682A
:103730000169208941EA004021680861204602F0C1
:1037400041F805466DB92068C06C20F0030021687F
:10375000C8646169E06908432168C96C084321684D
:10376000C86400BFFF202168486200E0002515B949
:10377000012084F821002846A6E70000BFFF8FFF44
:1037800010B596B00446502102A8FCF710FD174969
:103790002068884228D1C0140290C010129002A85C
:1037A000FFF778F808B1FDF72CF800BF1048006863
:1037B00040F400404FF0B041C1F8900000BF4FF41A
:1037C0008060896D01434FF0B04291651146896D6B
:1037D0000140019100BF00BF002211460320FEF707
:1037E00077F80320FEF74EF816B010BD0028004011
:1037F0009000005870B5044600250B482168C86049
:10380000FDF798FC054607E0FDF794FC401BB0F57A
:103810007A7F01D9032070BD2068C06800F02000C5
:103820000028F1D00020F6E75FFF010070B50446E4
:103830002546681EB0F1807F01D301200FE0681E8D
:103840004FF0E02148610F214FF0FF3005F052FDAD
:1038500000204FF0E021886107200861002070BD42
:103860007047704710B5FDF779FC10BD7047000038
:1038700010B50021042001F04BFA0248006880478F
:1038800010BD00008001002010B505F04AFD04467F
:1038900072B62021044800F0E6FE204605F05FFDE8
:1038A000FFF7E6FF10BD0000000C005810B500F057
:1038B00017F80121014800F0D4FE10BD000C00589B
:1038C00010B505F02EFD044672B60121034800F044
:1038D000CFFE204605F043FD10BD0000000C00584F
:1038E00008B518E069460F4801F038F80098407AAA
:1038F0000F2803D00098407A0E2804D102200099A6
:1039000001F006FA03E00520009901F001FA0649EA
:10391000009809688847034801F00FF80028E1D0B3
:1039200008BD0000D40103207C01002010B5012156
:10393000014800F0AFFE10BD000C005808B54FF470
:1039400080101449096801434FF0B042C2F8501189
:10395000104909680140009100BF00BFC0120E4924
:10396000096801430C4A116000BF00BF0A49B43125
:1039700009680143084AB432116000BF40BF20BF4C
:1039800000BF0648006840F400400449086000BFDA
:1039900008BD000050010058200800580C040058D1
:1039A00008B54FF480104FF0B041096D01434FF05E
:1039B000B04211651146096D0140009100BF00BF82
:1039C00000BF0A48006840F001000849086000BFD5
:1039D00000BF0846006840F48030086000BF2C201B
:1039E000FDF750FF2D20FDF74DFF08BD000C0058DE
:1039F00010B505F096FC044672B60821064800F0A2
:103A000032FE204605F0ABFC0448006880470821E0
:103A1000014800F03FFE10BD000C00589C00002043
:103A200070B5044608210C4800F02BFE68B10B4825
:103A3000046005F076FC054672B60821064800F0E1
:103A40001BFE284605F08BFC04E0A0470821024835
:103A500000F020FE70BD0000000C00589C0000200B
:103A600010B50221144800F018FE40B11248001DA4
:103A700001680220884310B100F044F81AE00121E7
:103A80000D4800F00AFE40B10B48001D01680120FE
:103A9000884310B1FFF70AFF0CE00821064800F048
:103AA000FCFD38B10448001D01680820884308B1B6
:103AB00000F06EF810BD0000000C005810B505F0C5
:103AC00030FC044672B60221044800F0CCFD2046CA
:103AD00005F045FC00F004F810BD0000000C005893
:103AE00010B50648C0680168072001F011F90349C4
:103AF000C968086802490968884710BD00000320AA
:103B00008401002010B500F007F80221014800F000
:103B1000A8FD10BD000C005808B50BE06946084828
:103B200000F01CFF0820009901F0F2F80549009808
:103B300009688847024800F000FF0028EED008BD61
:103B4000DC0103208801002010B505F0EAFB0446E3
:103B500072B60221034800F08BFD204605F0FFFB02
:103B600010BD0000000C005810B50221074800F0FD
:103B700091FD05F0D6FB044672B60221034800F021
:103B80007BFD204605F0EBFB10BD0000000C00584B
:103B900010B500F007F80821014800F062FD10BDE3
:103BA000000C005808B506E06946064800F0D6FE4D
:103BB000009802F07FFB034800F0BFFE0028F3D01E
:103BC00008BD0000CC01032010B505F0AAFB044697
:103BD00072B60821034800F04BFD204605F0BFFBFC
:103BE00010BD0000000C005810B50221154800F06F
:103BF00048FD48B91348001D01684FF40030884360
:103C000010B1FFF75BFF1CE008210E4800F039FD02
:103C100048B90C48001D01684FF40020884310B1DA
:103C2000FFF7E6FE0DE02021064800F02AFD40B92E
:103C30000448001D01684FF40010884308B1FFF7E5
:103C400023FE10BD000C00582DE9F04706460F4634
:103C500090469946002405F061FB824672B601E069
:103C6000601CC4B2062C07DA04EB4400154901EBD2
:103C7000C000007B0028F3D1062C1CD0012004EBEF
:103C80004401104A02EBC1010873504605F064FB81
:103C900004EB44000B4901EBC000066104EB440057
:103CA00001EBC00080F80D8004EB440041F8309037
:103CB0003C70002503E0504605F04EFB01252846E8
:103CC000BDE8F087100300202DE9F04106460F46BD
:103CD00000BFCA2053490968486253205149096806
:103CE000486200BF5048006840F020004E4908601C
:103CF0000846006800F00700C0F104004B49087056
:103D000049480830006800F4FE004FF4FE0191FAC3
:103D1000A1F1B1FA81F1C840401C45490870424800
:103D200008300068C0F30E00401C42490880084675
:103D30000088401E3E4909784843A0F5A0703B49E1
:103D4000097820FA01F54FF6FF70854202D33A490F
:103D5000088001E038490D804FF400203749096898
:103D60000143364A116000BF00BF34498031096801
:103D70000143324A8032116000BFC6BB0120304986
:103D80000870801E2F490860002408E0002004EB22
:103D900044012D4A02EBC1010873601CC4B2062C19
:103DA000F4DB0620294908701E480068806820F46A
:103DB00080601C49096888601A480068C06800F083
:103DC000800060F4906017490968C8604FF40020D3
:103DD0001A490C3108600320FDF720FD11480068E6
:103DE000806840F480400F490968886009E0FFE777
:103DF0000C480068C068C0F3802010B10320FDF7B4
:103E000055FD00BFFF2007490968486200BF002236
:103E100003210846FDF75CFD0320FDF733FDBDE8F7
:103E2000F0810000EC020020082800401100002072
:103E30001200002014000020160000200008005886
:103E4000100000200C0000201003002008000020BB
:103E500070B505460E461446A04770BD2DE9F041E9
:103E600005F05CFA074672B600BFCA2042490968ED
:103E70004862532040490968486200BF3E480068D4
:103E8000806820F480603C49096888603B48047879
:103E900004EB44003A4901EBC000007B022849D101
:103EA00004EB440051F8305004EB440001EBC00037
:103EB000066934480078B0B304EB440001EBC0005D
:103EC000407B012819D10121204605F0B9F9384677
:103ED00005F042FA04EB4400294A02EBC0004168B5
:103EE000204600F053F800BFCA2023490968486201
:103EF00053202149096848620FE0384605F02CFA42
:103F0000204600F0A5F800BFCA201B490968486296
:103F1000532019490968486200BF2A4621463046A5
:103F2000FFF796FF1FE0FFE701F078FC384605F049
:103F300013FA18E000BF10480068C068C0F38000A2
:103F40000028F8D00C480068C06800F0800060F4D9
:103F5000906009490968C8604FF400200A49086068
:103F6000384605F0F9F900BFFF20034909684862A7
:103F700000BFBDE8F0810000EC0200200800002036
:103F800010030020100000200C0800582DE9F0411B
:103F900004460D4604EB4400294901EBC000007BB8
:103FA000022802D1204600F053F805F0B7F9804608
:103FB00072B60320FDF744FC00BFCA2021490968FE
:103FC000486253201F490968486200BF022004EB81
:103FD00044011B4A02EBC101087304EB4400114683
:103FE00001EBC000856004EB440001EBC0004560BC
:103FF000204605F0D1FE064613480778134800789E
:10400000B84202D001F00AFC0CE004EB44000C4979
:1040100001EBC0008068801B04EB4401084A02EBFE
:10402000C101886000BFFF2006490968486200BFDF
:104030000320FDF727FC404605F08EF9BDE8F0812E
:1040400010030020EC0200200800002009000020DE
:1040500070B5054605F062F9064672B60320FDF715
:10406000EFFB00BFCA202D490968486253202B4945
:104070000968486200BF05EB4500294901EBC00013
:10408000007B02283CD10021284605F0D9F82548BC
:104090000478062C2ED124480068C0F3802038B163
:1040A00000BF1E480068C068C0F380000028F8D137
:1040B0001A480068806820F48060184909688860A0
:1040C00000BF16480068C068C0F380000028F8D020
:1040D00012480068C06800F0800060F490600F49EA
:1040E0000968C8604FF40020104908600320FDF7FC
:1040F00095FB05E00E480078A04201D001F08EFB50
:1041000000BFFF2005490968486200BF0320FDF792
:10411000B9FB304605F020F970BD0000EC0200202C
:104120001003002008000020082800400C08005858
:104130000900002000BFFEE701688969C1F3400162
:1041400011B10021026891620168896901F00101E1
:1041500029B90168896941F00101026891617047DC
:104160002DE9F74F04460E4600272068D0F8188046
:104170000025DDF8089008F01000102845D12168CE
:10418000C86134E0701C90B3FCF7D4FFA0EB0900C9
:10419000B04200D85EBB2068406800F4804A94F8C2
:1041A00042B020688069C0F3C03070B1BAF5804F6A
:1041B0000BD0BBF1200F08D02068406840F480404D
:1041C00021684860FCF7B6FF814609E0FCF7B2FFC2
:1041D000A0EB0900192803D945F02005012705E0C7
:1041E00020688069C0F340100028EFD000BF20682D
:1041F0008069C0F3401008B9002FC3D017B9202040
:104200002168C86145F0040501272068D0F81880AE
:1042100008F48070B0F5807F06D145F001054FF4B9
:1042200080702168C861012708F48060B0F5806F54
:1042300006D145F008054FF480602168C861012768
:1042400008F40070B0F5007F06D145F002054FF488
:1042500000702168C8610127AFB12046FFF76CFFED
:10426000206840680949084021684860606C28431C
:104270006064202084F84100002084F8420000BFE0
:1042800084F8400000BF3846BDE8FE8F00E800FE1D
:10429000F0B5059CC1F309064FF47F0707EA024712
:1042A0003E431E43264326F00045066876684FF4D9
:1042B000806707EA545767F0FC2747F4C047BE43BE
:1042C0002E4307687E60F0BD2DE9F04104460D469F
:1042D00017461E46DDF818802BE042463146204640
:1042E000FFF73EFF10B10120BDE8F081701C00B364
:1042F000FCF720FFA0EB0800B04200D8CEB9206840
:1043000080692840A84201D1012000E00020B84285
:104310000FD1606C40F020006064202084F84100E0
:10432000002084F8420000BF84F8400000BF012054
:10433000DAE7206880692840A84201D1012000E026
:104340000020B842C9D00020CEE700002DE9F0419E
:1043500004460E46174600254EE03A4631462046B2
:10436000FFF7FEFE00B1012520688069C0F3401010
:1043700030B32DBB20688069C0F3800010B1208D60
:1043800000B1002520688069C0F30010C8B110207A
:104390002168C8610420606420202168C861206809
:1043A00040681A49084021684860202084F841008C
:1043B000002084F8420000BF84F8400000BF0125BF
:1043C00001E000206064FCF7B5FEC01BB04200D8DD
:1043D00096B98DB920688069C0F3800060B9606CBF
:1043E00040F020006064202084F8410000BF0020DD
:1043F00084F8400000BF012520688069C0F3800078
:1044000008B9002DA9D02846BDE8F08100E800FEDB
:1044100070B504460D46164622E03246294620462F
:10442000FFF79EFE08B1012070BDFCF783FE801BE4
:10443000A84200D8A5B920688069C0F3401078B9B7
:10444000606C40F020006064202084F8410000206F
:1044500084F8420000BF84F8400000BF0120E3E779
:1044600020688069C0F340100028D6D00020DBE728
:1044700070B504460D46164624E0324629462046CD
:10448000FFF76EFE08B1012070BD681CD0B1FCF7CB
:1044900051FE801BA84200D8A5B920688069C0F3EE
:1044A000400078B9606C40F020006064202084F8FF
:1044B0004100002084F8420000BF84F8400000BFA3
:1044C0000120E1E720688069C0F340000028D4D0D3
:1044D0000020D9E7704710B5FFF7C2FA10BD10B53C
:1044E000FFF782FB10BD002101604FF03F114160DA
:1044F0003F218160704700000146002008E0064B24
:104500000A1D42F82030054B183242F82030401C7A
:104510000628F4D370470000491700084B1700081D
:104520005020034909680143014A116000BF7047E8
:104530009008005800BFCA200949486253204862C9
:1045400000BF0020896821F007010143044A9160FF
:1045500000BF00BFFF201146486200BF7047000047
:1045600000280040704730B50B46002100BF16E020
:104570000A24B4EB107F05D9302404EB107403F83F
:10458000114005E0412404EB10740A3C03F811408B
:10459000000100254C00641C1D554C1CE1B29142E9
:1045A000E6DB30BD7047024602F1600000EB81039C
:1045B000186800F0F840704701468868C0F3C000F2
:1045C00070470146886800F001007047014688681E
:1045D000C0F30070704701468868C0F380007047E0
:1045E00070B500F11404C1F3406504EB85031C6849
:1045F000C1F304560725B540AC43C1F3045502FA94
:1046000005F52C431C6070BD826822F0E0720A43FD
:104610008260704710B500F1600404EB81031C68F0
:1046200024F0004414431C6010BD08B54FF0B041A5
:10463000C96C01434FF0B042D1641146C96C0140CE
:10464000009100BF08BD08B54FF0B041C96C0143EF
:104650004FF0B042D1641146C96C0140009100BFD7
:1046600008BD81607047426842EA0142426070477B
:1046700042688A4342607047426822EA01424260CF
:1046800070470246D0680840884201D10120704737
:104690000020FCE70A04826070470246D0690840A7
:1046A000884201D1012070470020FCE702480068E1
:1046B0000007000E70470000080100584FF0B0409E
:1046C000806800F00C0070474FF0B0400068C0F305
:1046D000005070474FF0B0400068C0F34040704752
:1046E00002480068C0F3400070470000980000587E
:1046F0004FF0B0400068C0F3802070474FF0B041E9
:10470000496821F0FE4141EA00614FF0B04251603A
:10471000704700000448006840F001004FF0B041CD
:10472000C1F89000704700009000005802480068EF
:10473000C0F3400070470000900000580248006835
:10474000C0F3400070470000900000580448006823
:1047500020F001004FF0B041C1F894007047000014
:10476000940000580448006840F001004FF0B04148
:10477000C1F8940070470000940000580248006897
:10478000C0F34000704700009400005804480068DF
:1047900020F004004FF0B041C1F8940070470000D1
:1047A0009400005802480068C0F3C0007047000041
:1047B000940000584FF0B040006840F001004FF006
:1047C000B041086070474FF0B041096801F0F00057
:1047D000B02800D9B02070474FF0B0400068C0F357
:1047E000400070474FF0B041496821F47F4141EAF1
:1047F00000214FF0B042516070474FF0B04109685E
:1048000021F0F00101434FF0B042116070474FF0CA
:10481000B040006820F080604FF0B0410860704701
:104820004FF0B040006840F080604FF0B041086049
:1048300070474FF0B0400068C0F3C06070474FF061
:10484000B040006820F080704FF0B04108607047C1
:104850004FF0B040006840F080704FF0B041086009
:1048600070474FF0B040C06800F0030070474FF051
:10487000B0400068C0F34060704700000449096818
:1048800021F0406101434FF0B042C2F888107047F8
:1048900088000058084909684FF47F2202EA101284
:1048A00091434FF47F2202EA001211434FF0B042CD
:1048B000C2F8881070470000880000580549096850
:1048C000020C1204914341EA00414FF0B042C2F899
:1048D00088107047880000580449096821F0404159
:1048E00001434FF0B042C2F888107047880000586A
:1048F00000604060704770B505460C4604F01AFD34
:10490000064672B62868206065602C6020684460A6
:10491000304604F02DFD70BD70B505460C4604F020
:1049200009FD064672B62560686860606C60606864
:104930000460304604F01CFD70BD70B5044604F000
:10494000F9FC064672B62068A04201D1012500E0BC
:104950000025304604F00CFD284670BD70B50446B5
:104960000D4604F0E7FC064672B620682860206811
:1049700000F004F8304604F0FBFC70BD70B504464E
:1049800004F0D8FC054672B620686168086060686B
:1049900021684860284604F0EBFC70BD10B501EBBF
:1049A00041030E4C04EBC3035A7D062A04D002EBEC
:1049B000420304EBC303187500EB4003074C04EB00
:1049C000C3035A7500EB400304EBC303197501EBF5
:1049D000410304EBC303587510BD00001003002011
:1049E00010B5154B1B7899421AD001EB4103134CBB
:1049F00004EBC3031A7D02EB420304EBC3035875B7
:104A000000EB400304EBC303597500EB400304EBD8
:104A1000C3031A7501EB410304EBC30318750AE0E5
:104A200000EB4003054C04EBC303597501EB410354
:104A300004EBC303187510BD08000020100300200C
:104A40007047704700B587B0182101A8FBF7AFFB8E
:104A50001A481B49086000204860002118488160FE
:104A6000C16001610421416100210176417601218B
:104A7000C161002180F820108162C16280F830108D
:104A8000416380F83810FCF72FF908B1FBF7B9FE45
:104A90000C48019006200290002003907F20049093
:104AA000042005900020069001A90548FBF7C6FEEA
:104AB00008B1FBF7A6FE07B000BD000000000450DF
:104AC000F80100202000F01410B500BF4FF40040A2
:104AD0000349086100BF00F011FFFBF775FE10BD30
:104AE0000040005810B501F013FA01F0F5F9034940
:104AF0000020FFF7E9F804F099FF10BDEC02002058
:104B000010B54FF0FF3004F015FA10BD00B585B0B8
:104B100014216846FBF74BFB0420FFF786FD0220BB
:104B2000FFF783FD0120FFF780FD00224FF4806135
:104B30004FF09040FCF7F8FA4FF4806000900120AD
:104B40000190022002900020039069464FF09040AF
:104B5000FCF71CFAC0200090022001900120029076
:104B6000032003900720049069460248FCF70EFAE0
:104B700005B000BD0004004810B512481249086095
:104B8000124848600021104881600121C160002165
:104B9000016141618161C1610162FCF75BFB08B1A8
:104BA000FBF72FFE00210848FCF7EAFA08B1FBF7F3
:104BB00028FE00210448FCF718FB08B1FBF721FE92
:104BC00010BD0000005400405C0200202F11600066
:104BD00010B50548054908600846FCF76DFD08B1A9
:104BE000FBF70FFE10BD0000000C0058B0020020C3
:104BF0007047000010B50F480F490860002048605A
:104C00000F210D48816047F6FF71C16000210161ED
:104C10008161C1614161FEF753FD08B1FBF7F1FD10
:104C2000002211460448FEF79DFC08B1FBF7E9FDA0
:104C300010BD000000280040EC02002010B500224A
:104C40000D490E4802F027FA08B1FBF7DAFD0C49CE
:104C50000A4802F016FD08B1FBF7D3FD09490748E1
:104C600001F0AEFE08B1FBF7CCFD044802F00CFEEB
:104C700008B1FBF7C6FD10BD180000209C080020FD
:104C8000C00000206C00002000BFFEE700BFFEE770
:104C900010B504463CB90848006858B100200649E0
:104CA0000968884706E00448006818B101200249F5
:104CB0000968884710BD0000980100207047000077
:104CC0000146074800E00838C2798A4202D0054A06
:104CD0009042F8D1C2798A4200D00020704700008B
:104CE000F873FF1F0070FF1F70B504460D4616468F
:104CF000324629462046FBF73FFA70BD70B50446A0
:104D00000D461646324629462046FBF752FA70BD3C
:104D100070B50246092A3CD2DFE802F005141916E4
:104D200018242B2D35000846467A0E2E05D00F2E5E
:104D300002D0FF2E03D101E002E001E000E000BF5D
:104D400000BF27E00B4625E00D4623E022E00846A1
:104D5000467A0E2E02D00F2E01D101E000E000BFF6
:104D600000BF17E00846467AFF2E00D000E000BFE3
:104D700010E00B460EE00C4666780E2E00D100E0E7
:104D800000BF00BF06E00846467AFF2E00D100BFF4
:104D900000E000BF00BF70BD7047017811B101296C
:104DA00002D100E001E000E000BF00BF70470178E1
:104DB00021B1012903D0032903D101E002E001E080
:104DC00000E000BF00BF704700B58BB0624800F044
:104DD0002DFF00BF8F208DF81C00E5208DF81D00F1
:104DE000B3208DF81E00D5208DF81F002E208DF8E1
:104DF00020007F208DF821004A208DF82200982085
:104E00008DF823002A208DF8240048208DF82500F5
:104E10007A208DF82600CC208DF8270040208DF8D0
:104E20002800FE208DF8290000208DF82A008DF83A
:104E30002B0000BF49480623012207A90090022049
:104E400004F08AFC00BF19208DF81C00ED208DF8BD
:104E50001D0082208DF81E00AE208DF81F00ED2071
:104E60008DF8200021208DF821004C208DF82200A3
:104E70009D208DF8230041208DF8240045208DF8D9
:104E8000250022208DF826008E208DF82700412055
:104E90008DF82800FE208DF8290000208DF82A00CA
:104EA0008DF82B0000BF2D48801C01210A22CDE97E
:104EB0000212CDE9041000200621CDE90010274997
:104EC0000888022307AA194604F0D7FB00BF19205F
:104ED0008DF81C00ED208DF81D0082208DF81E003D
:104EE000AE208DF81F00ED208DF8200021208DF8D8
:104EF00021004C208DF822009D208DF823004120B8
:104F00008DF8240045208DF8250022208DF82600FC
:104F10008E208DF8270042208DF82800FE208DF885
:104F2000290000208DF82A008DF82B0000BF0B48C7
:104F3000001D01210A22CDE90212CDE90410002052
:104F40001021CDE9001005490888022307AA194657
:104F500004F093FB0BB000BD0D540008A601002027
:104F60002DE9F05F054646E22868B0F844A00AF053
:104F70000F06002E7ED10AF0100090BB00BF2968FA
:104F8000098848F60F7201EA020040F400412A68DD
:104F9000118000BF05F110042868B0F85010207887
:104FA00001EBC000801C296801F58061405AC0F304
:104FB0000900E061E16960690844606100212846F8
:104FC000FCF736FD287B0028CDD0A0690028CAD187
:104FD000287B40F080002968A1F84C00002028734D
:104FE00009E2FFE705F5A8742868B0F8008008F426
:104FF0000060002859D02868B0F85010207801EBE4
:10500000C000801D296801F58061405AC0F3090085
:10501000E061E069082830D000BF296809884BF6B4
:105020008F7201EA020080F4805040F4004141F0A8
:1050300080012A68118000BF00BF2968098848F6EE
:10504000BF7201EA020080F0100040F4004141F01C
:1050500080012A68118000BF00BF2968098840F6D6
:105060008F7201EA020040F080012A68118000BFBF
:10507000002000E060E0BDE8F09FA18B8BB2E288E9
:1050800005F52671286803F09DFE00BF2968098890
:1050900040F68F7201EA020040F080012A68118018
:1050A00000BF2846FDF7A5FBA5E108F40040002855
:1050B00096D000BF2968098840F68F7201EA020085
:1050C00040F080012A68118000BF2868B0F85010B5
:1050D000207801EBC000801D296801F58061405AED
:1050E000C0F30900E061E06988B900BF2968098858
:1050F0004BF68F7201EA020080F4805080F4005079
:1051000040F4004141F080012A68118073E1606938
:105110000028C9D0B4F81CC01FFA8CF3E28861697A
:10512000286803F04FFEE16960690844606100216E
:105130002846FCF78DFC5EE17100286830F811808C
:1051400008F4004000287DD000BF7200296831F8C3
:10515000121040F68F7201EA020040F080017300E5
:105160002A6822F8131000BF06EB860105F5A87027
:1051700000EBC104207BA8B92868B0F85010207853
:1051800001EBC000801D296801F58061405AC0F321
:105190000907002F59D0E28861693B46286803F06F
:1051A00011FE52E0E078022806D142462146284608
:1051B000FCF7D1FC074648E000BF00BF2278520050
:1051C000296831F8121048F68F7201EA020040F4A3
:1051D000004141F0C00123785B002A6822F81310D7
:1051E00000BF00BF21784900286830F8110000F4A2
:1051F0008040A0B12868B0F85010207801EBC000C2
:10520000801C296801F58061405AC0F30907E7B1A5
:10521000228961693B46286803F0D4FD15E02868BF
:10522000B0F85010207801EBC000801D296801F50E
:105230008061405AC0F309073FB1628961693B460A
:10524000286800E015E003F0BDFDE0693844E06146
:10525000A06910B12069B84204D921782846FCF72A
:10526000F7FB06E06069384460612146286803F076
:1052700020FA08F08000002874D006EB860105F1C2
:10528000100000EBC10400BF7200296831F8121051
:1052900048F60F7201EA020040F4004173002A68E8
:1052A00022F8131000BFE078012873D10020A0611C
:1052B000207B002868D008F0400070B300BF607801
:1052C000B8B900BF29682A68B2F850201144227882
:1052D000022303EBC20201F58063D01800BF0288ED
:1052E000C2F309020280028842F40042028000BF39
:1052F00012E0607801280FD100BF28682A68B2F850
:10530000502010442278022303EBC20200F5806390
:10531000D11800220A8000BF36E0FFE700BF2968ED
:10532000607800BB00BF2B68D5F800C0BCF850C047
:10533000634494F800C04FF0060B0BEBCC0C03F564
:10534000806B0CEB0B0000BFB0F800C0CCF3090C75
:10535000A0F800C0B0F800C04CF4004CA0F800C0A9
:1053600000BF10E047E0607801280CD12868B0F851
:10537000500001442078062303EBC00001F5806350
:10538000C2180020108000BF21782846FCF750FB8F
:1053900031E0FFE708F4807040BB2868B0F8501097
:1053A000207801EBC000801C296801F58061405A1B
:1053B000C0F30909A069484504D9A069A0EB090018
:1053C000A06101E00020A061A06920B921782846F1
:1053D000FCF72EFB0FE0606948446061E0694844D7
:1053E000E0612146286803F064F904E04246214662
:1053F0002846FCF75AFC2868B0F8440000F4004046
:1054000000287FF4B1AD00BF33E600002DE9FF4175
:1054100006464FF00008771C3878FF2835D1BD1CB0
:105420002888A0F6014068BBAC1C61881A488088B7
:10543000801C814213D14FF00108207A00F0010056
:1054400030B100208DF800006846FFF7B0FC18E08E
:1054500001208DF800006846FFF7A9FC11E0618883
:105460000D484088401C81420BD103208DF800007C
:10547000A1798DF8081004F1080001906846FFF743
:1054800096FC00E000BF00BF00E000BF00BF404648
:1054900004B0BDE8F0810000A6010020704700B50F
:1054A00095B0502101A8FAF782FE4FF440500190C8
:1054B0004FF480401290022013901020149001A805
:1054C000FDF7E8F908B1FBF79CF915B000BD70B520
:1054D00004460025FFF79BF9FBF72CFE064606E085
:1054E000FBF728FE801B022801D9032503E0FFF704
:1054F000A0F90028F4D100BF75BB4FF0B04000699F
:1055000020F4FE40216840EA01204FF0B0410861DC
:105510000846006920F47810616808434FF0B041F4
:105520000861FFF77DF9FBF705FE064606E0FBF78D
:1055300001FE801B022801D9032503E0FFF779F95A
:105540000128F4D100BF3DB94FF0B0400069216996
:1055500008434FF0B0410861284670BD70B504465D
:105560000025FFF754F9FBF7E5FD064606E0FBF7DB
:10557000E1FD801B022801D9032503E0FFF759F95B
:105580000028F4D100BF75BB4FF0B040006920F493
:10559000FE40216840EA01204FF0B0410861084612
:1055A000006920F06060A16808434FF0B0410861D5
:1055B000FFF736F9FBF7BEFD064606E0FBF7BAFD3E
:1055C000801B022801D9032503E0FFF732F90128E7
:1055D000F4D100BF3DB94FF0B040006921690843E4
:1055E0004FF0B0410861284670BD70B504460025F3
:1055F000FFF70DF9FBF79EFD064606E0FBF79AFD67
:10560000801B022801D9032503E0FFF712F90028C7
:10561000F4D100BF75BB4FF0B040006920F4FE40EC
:10562000216840EA01204FF0B04108610846006956
:1056300020F06040E16808434FF0B0410861FFF797
:10564000EFF8FBF777FD064606E0FBF773FD801BDE
:10565000022801D9032503E0FFF7EBF80128F4D174
:1056600000BF3DB94FF0B0400069216908434FF0D9
:10567000B0410861284670BDF0B58BB004460E46B7
:10568000274B0FCB07AD0FC5254A1032D2E90010CA
:105690009268CDE905020491214B1C33D3E9002027
:1056A000D3E9021301AD0BC500920027B6F5007FC8
:1056B0000DD1002008E007A951F82010A14202D323
:1056C0005DF8207002E0401C0428F4D30DE00020B7
:1056D00008E004A951F82010A14202D35DF820701F
:1056E00002E0401C0328F4D300BF0E48006820F0FD
:1056F000070038430B490860FBF71CFD054607E02F
:10570000FBF718FD401B022802D903200BB0F0BDA7
:105710000448006800F00700B842F1D10020F5E726
:1057200014A20008004000582DE9F0410446B02CB6
:1057300002D90E48C56A04E00C48C4F3031150F8BE
:105740002150FEF7B3FFC0F30310094951F82000C0
:10575000B5FBF0F6FDF78CF880460648B6FBF0F78F
:1057600041463846FFF788FFBDE8F081A0A2000857
:1057700040A2000840420F0070B5044600260025F4
:105780002068C06800F04000D0B92068C06840F0D0
:1057900080002168C860FBF7CDFC064609E0FBF7F6
:1057A000C9FC801BB0F57A7F03D9042084F821005E
:1057B00001252068C06800F0400008B9012DEED135
:1057C000284670BD70B5044600252068C06820F0EA
:1057D00080002168C8602068806800F0200038B927
:1057E0002046FEF707F818B1042084F821000125AF
:1057F000284670BD10B5FEF731FB10BD064A126891
:1058000091B2054A126890B203E00146024A12685A
:1058100090B28142F9D17047282800402DE9F0412B
:1058200030480068C0F3802038B100BF2E480068BF
:10583000C068C0F380000028F8D12B480068806859
:1058400020F480602849096888602848047804EBBF
:105850004400274901EBC000866800F09DF805462A
:10586000AE4204D200270120224908700FE02248EE
:1058700000882844B04205D21F48078800201D49EF
:10588000087004E0701B87B201201A49087022E0FA
:1058900004EB4400164901EBC0008068A84207D21F
:1058A000002004EB4401124A02EBC10188600CE0C5
:1058B00004EB44000E4901EBC0008068401B04EB80
:1058C00044010B4A02EBC101886004EB4400084923
:1058D00001EBC000447D062CDAD1384600F010F808
:1058E000BDE8F08108280040EC02002008000020FC
:1058F0001003002010000020160000207047000058
:1059000010B504463CB9FFF779FF1E490860032033
:10591000FBF7CCFF35E0012C03DC1B4800780128A5
:1059200001D0601E84B200BF18480068C068C0F390
:1059300080000028F8D015480068C06800F080009A
:1059400060F4906011490968C8604FF40020104964
:1059500008600320FBF762FF0E4800686FF30F003A
:1059600020430C490860FFF749FF064908600748D3
:105970000068806840F48060044909688860AFF37B
:10598000008010BD0C00002011000020EC0200205F
:105990000C0800581428004070B50F480068401CDF
:1059A000B8B1FFF72BFF04460B480068A04203D3B1
:1059B00009480068041B05E008480088051B0648E4
:1059C0000068441906480078444306480078C440FB
:1059D00000E00024A0B270BD0C00002014000020E4
:1059E00012000020110000200146B1FA81F0C0F140
:1059F0001F00C0B270477FB505466C46234605F1CF
:105A00000C0237214FF6664004F0B0FAA07B04B0D8
:105A100070BD7FB504466D462B46224610214FF6D9
:105A2000754004F0A3FAA87B04B070BD7FB50546AD
:105A30006C46234605F10C020F214FF6684004F036
:105A400095FAA07B04B070BD2DE9F04301464FF0FC
:105A5000000C002300240025984600220026002781
:105A60002248C06BC0F30D0CDFF8849059F82C204D
:105A7000DFF880901068484506D154699569D2F8DE
:105A80001C80D66817690DE0194800EB8C03186874
:105A90000469186845691868D0F81880186846685D
:105AA00018688768200E0870200C4870200A8870DB
:105AB000C4F30310C87004F00F000871280E487179
:105AC000280C8871280AC8710D7281F80980300E7F
:105AD0008872300CC872300A0873380E4873380C5C
:105AE0008873CF730020BDE8F083000000400058A9
:105AF00000000320B95646A92DE9FC5F06464FF089
:105B0000920A741C2078052804D03E281CD0FF2857
:105B100072D157E004F10209B9F8010039498989C5
:105B2000884204D100203749888181F8740001201F
:105B3000FAF77AFC0120344908703248808948809D
:105B40000846FFF72AF958E0A51C2878012813D049
:105B5000032802D00C2832D100E031E005F1010B1E
:105B6000284988896A4601A903F0B2FF8246BAF142
:105B7000000F00D100BF23E005F10108214991F891
:105B80007500FEF765FA1F4890F87400042804D1E8
:105B900006201C4981F8740003E00520194981F8AA
:105BA0007400B8F801001749888100201649087070
:105BB0001448808948800846FFF7EFF800E000BFEE
:105BC00000BF1AE0A71C3888A0F2074050B1A0F22D
:105BD000F93030B1A0F20E4030B1A0F6F63040B945
:105BE00001E006E005E004E00649888903F015FEBF
:105BF00000BF00BF01E0FFE700BF00BF0120BDE81C
:105C0000FC9F0000781D00208A00002010B50020B5
:105C1000034908770349087000F014F810BD00002C
:105C2000C0010020E0010020704700000449097F06
:105C3000034A42F821001146097F491C1177704739
:105C4000C001002010B5FAF747FCFAF769FCFAF733
:105C50009BFDFAF7D3FDFAF7D3FDFDF701FEFDF743
:105C600000FEFDF703FEFEF735FCFEF79BFC00F09F
:105C700033FBFEF7E6FEFFF7A7F803F031FBFFF773
:105C80001DF8FAF74EFCFEF7DBFEFFF7CDFF10BD67
:105C90002DE9F0470646771C4FF000093878FF28B9
:105CA0001FD107F10208B8F8000000F47F40B0F5FA
:105CB000406F13D100250BE0174850F825103046EF
:105CC00088478146B9F1000F00D005E0681CC5B2D5
:105CD0001148007FA842EFDC00BF00E000BF00BF1A
:105CE00000E000BF00BFB9F1000F06D0B9F1010F0D
:105CF00008D0B9F1020F09D106E03046FFF7FCFEEB
:105D0000044605E0012403E0002401E0012400BF73
:105D100000BF2046BDE8F087C0010020704730B5C5
:105D200001460A461378521C147843EA042030BD19
:105D300070B505460C46164609480068A0F809509B
:105D400007480068C47222463146054800680C3096
:105D5000FAF712FA0348002102690846904770BD1D
:105D6000B80100207C1E002008B509E069460748FC
:105D7000FEF7F4FD0649096908690099FEF7CCFDB4
:105D80000248FEF7DAFD0028F0D008BD74010020BB
:105D900000000320704710B5FBF7D8FC10BD10B50C
:105DA00000F002F810BD000000B59BB0482109A822
:105DB000FAF7FDF91C2102A8FAF7F9F9FCF760FDE2
:105DC00010202549096821F0180101434FF0B04225
:105DD000C2F8901000BF00BF2048006820F4C060E7
:105DE00040F400701D4908600846006800F4C06077
:105DF000019000BF00BF0720099088010A90012090
:105E00000B9000020C9040200D9002201490032172
:105E1000159110211691082117910104189101077D
:105E20001A910106199109A8FDF75EF808B1FAF771
:105E3000E8FC6F200290022003900020049005905F
:105E4000069007900890012102A8FCF79DFE08B17A
:105E5000FAF7D7FC1BB000BD9000005800040058B2
:105E60001948006840F47000174908604FF0B040CE
:105E7000006840F001004FF0B04108604FF4E020AE
:105E8000886008460068114908404FF0B04108603A
:105E90000F48006820F00500C1F894000846D0F8CB
:105EA000980020F001000A49091D086009484FF0D8
:105EB000B041C86008610846006820F4802008608E
:105EC000002088617047000088ED00E0FBFEF6FAD4
:105ED000940000580010042210B54FF400404FF019
:105EE000B041896821F4004101434FF0B042916014
:105EF00000BF02F0AFFF04200449096821F0070148
:105F00000143024A116000BF10BD00008004005828
:105F100010B5FEF727FBFEF703FBFEF70BFB10BDEA
:105F20007CB504460D46072C01DD01207CBD012017
:105F3000A040C0B201900A20012301AAE0210090F4
:105F40002846FBF7A5FAF1E730B52DED048B85B0B7
:105F500005460C4601A802AB03AA04A900902846F6
:105F600000F07CF8BDF8040038B9002020706070A3
:105F7000A07005B0BDEC048B30BDBDF8100000EE84
:105F8000100AF8EE400ABDF8040000EE100AB8EE60
:105F9000400AC0EE808ABDF80C0000EE100AF8EE50
:105FA000400ABDF8040000EE100AB8EE400AC0EE48
:105FB000809ABDF8080000EE100AF8EE400ABDF81D
:105FC000040000EE100AB8EE400A80EE809AB0EEAF
:105FD000688AF4EEC89AF1EE10FA01DDB0EE698A33
:105FE000B4EEC89AF1EE10FA01DDB0EE498A88EEFF
:105FF000880ADFED100A20EE200ABCEEC00A10EE7F
:10600000100A207089EE880ADFED0A0A20EE200AC5
:10601000BCEEC00A10EE100A607089EE080ADFEDCF
:10602000050A20EE200ABCEEC00A10EE100AA0708D
:1060300000BF9EE700007F4310B504460322002105
:10604000204600F044F8D5220121204600F03FF818
:1060500002220F21204600F03AF810BD2DE9FF4141
:1060600007460C4615461E46DDF828809420019010
:106070000A20012301AA522100903846FBF708FAB2
:106080000A20082302AA532100903846FBF74EF954
:106090009DF808009DF8091040EA0120A8F80000CA
:1060A0009DF80A009DF80B1040EA012020809DF821
:1060B0000C009DF80D1040EA012028809DF80E008C
:1060C0009DF80F1040EA01203080BDE8FF817CB5CB
:1060D00006460C46154644F080008DF804008DF805
:1060E00005500A20022301AA522100903046FBF7F6
:1060F000CFF97CBD70B5044626460B48FEF7F8FB89
:106100000A484568B0682860F068E8600848686038
:106110000548A860FDF7D4FB0649306808600649C9
:1061200070680860002070BDD401032000000320C7
:10613000580A03207C0100208001002070B504462D
:106140000D460120064949680968087204484068FC
:1061500001680120FEF7DCFDFDF7E8FB002070BDC3
:106160000000032010B5FDF7E9FB10BD10B50C4889
:106170000C4908600C4848600C4888600C4808626C
:106180000C4848620C48C8600C4808610C484861DB
:106190000C4888610C48C861FDF702FC10BD000086
:1061A0003401032000000320540103206401032074
:1061B000740103207C010320840103208C0103204F
:1061C000A8010320AC010320B801032010B5044648
:1061D00021460548FEF7A0FB21460020FEF798FD6A
:1061E0000248FDF71DFC10BD74010020695D000828
:1061F00010B504461248FEF77BFB1248FEF778FB09
:106200001148006911490860A068096888600F4951
:10621000E0680968C8600A480C49096808610B49C8
:10622000206809680860094960680968486007498A
:10623000206909684861054960690968886110BD7D
:10624000C401032074010020000003208C01002001
:1062500070B5044625460948FEF74AFB0848C6685B
:10626000A868306005487060FDF76EFC0549286835
:106270000860054968680860002070BDDC010320E3
:1062800000000320840100208801002070B504462E
:106290000D4610200649C968096808720448C0689C
:1062A00001680620FEF734FDFDF75EFC002070BD9E
:1062B000000003207047000010B50548FEF718FBEA
:1062C0000348044949690860FDF77EFC10BD0000E1
:1062D000CC01032000000320704710B504460020C5
:1062E00003F014FE10BD000010B50446607A0F28BC
:1062F00002D0607A0E2807D121460748FEF70CFB32
:10630000002003F0C7FB06E021460448FEF704FB2B
:10631000024803F048FC10BD90010020AD010020B0
:106320001FB504460A48FEF7E3FA0A4804600A4823
:10633000FEF7DEFA0120094908700948006830B10B
:1063400002940848009006480168684688471FBDC7
:1063500090010020B8010020AD010020BC01002008
:106360007C1E0020E96200083EB504460B4804602C
:106370000B48FEF7BDFA0120FAF708FA0120094997
:1063800008700948006840B1029408480090084825
:10639000019005480168684688473EBDF00100202D
:1063A000E4010020F40100209C1E0020DB620008B4
:1063B000B563000810B5044621460348FEF7ACFA61
:1063C000014803F0C1FD10BDE401002070B5054691
:1063D0000C462DB92246064906A000F012FE04E044
:1063E0002246034903A000F00CFE014870BD0000E6
:1063F000780B002043444320436F6E6669670000BA
:106400002DE9F04104460D46D4F8C87204F5307009
:10641000D4F8D41250F8210010B90320BDE8F0815F
:1064200004F53070D4F8D41250F8216005F00F0054
:1064300000EB800104F1140050F8210028B305F0AE
:106440000F0000EB800104F1140050F8211005F05A
:106450000F0000EB800207F1100000EBC2000069A2
:10646000B1FBF0F200FB121078B9002105F00F002B
:1064700000EB800204F1140040F8221000231A46B9
:106480002946204601F0CAF817E00020C6F8140299
:1064900004F53170D4F8D41250F82100006960B1CD
:1064A000D6F8080204F53171D4F8D42251F822103C
:1064B0002A460B6906F5047198470020AEE770B5CF
:1064C00004460E4604F53070D4F8D41250F821502A
:1064D000D4F8D41250F8210008B9032070BD314619
:1064E000204600F028FFC5F80C02D5F8040204F598
:1064F0003171D4F8D43251F82310CA6805F503710C
:1065000090470020EAE7000070B504460D46304889
:106510000178204600F0EFFD00212D48007800F0C2
:106520000F0000EB800204F1140000EB8200C17345
:1065300028480178204600F0DEFD0021254800783B
:1065400000F00F0000EB800204F5AA7000EB82005F
:10655000C17321480178204600F0CDFD00211E487E
:10656000007800F00F0000EB800204F1140000EB53
:106570008200C1731848007800F00F0000EB800221
:1065800004F1140000EB8200816004F53070D4F84F
:10659000D41250F82100C8B104F53171D4F8D422D6
:1065A00051F822104868804704F53071D4F8D4229D
:1065B00051F8220001F05EFB002104F53070D4F8A0
:1065C000D42240F822100020C4F8BC02002070BD84
:1065D0003B0100203C0100203D010020024612202A
:1065E00008800148704700003800002070B504465C
:1065F00004F53070D4F8D41250F821500DB90320AE
:1066000070BD04F53170D4F8D41250F8210098B15F
:1066100095F80002FF280FD095F8012295F80002A6
:1066200004F53171D4F8D46251F826108B682946EC
:106630009847FF2085F800020020E1E701460A2084
:106640000880014870470000B40000202DE9F041A7
:10665000044682210D4800F06AFC054601210B48E2
:1066600000F065FC06468121084800F060FC074602
:106670000DB11020A8710EB14020B0800FB14020A4
:10668000B880432020800148BDE8F081F800002058
:106690002DE9F041044682210E4800F048FC0546F1
:1066A00001210C4800F043FC06468121094800F016
:1066B0003EFC07460DB11020A87116B14FF40070D2
:1066C000B08017B14FF40070B8804320208001489B
:1066D000BDE8F081F80000202DE9F0410446822158
:1066E0000D4800F024FC054601210B4800F01FFC7A
:1066F00006468121084800F01AFC07460DB110201B
:10670000A8710EB14020B0800FB14020B880432066
:1067100020800148BDE8F081F800002070B50446F3
:106720000E464FF4077001F0A7FA054645B900215F
:1067300004F53070D4F8D42240F82210022070BD45
:106740004FF407712846F9F732FD04F53070D4F89C
:10675000D41240F82150D4F8D41250F82100C4F8D3
:10676000BC02207C98BB4FF4007302225048017891
:10677000204600F04BFE01214D48007800F00F004C
:1067800000EB800204F1140000EB8200C1734B02A5
:10679000022248480178204600F038FE0121454891
:1067A000007800F00F0000EB800204F5AA7000EB07
:1067B0008200C17310214048007800F00F0000EB08
:1067C000800204F1140000EB8200816032E0FFE7F8
:1067D0004023022236480178204600F017FE0121AE
:1067E0003348007800F00F0000EB800204F1140041
:1067F00000EB8200C173402302222E48017820461C
:1068000000F004FE01212B48007800F00F0000EB9F
:10681000800204F5AA7000EB8200C17310212648A3
:10682000007800F00F0000EB800204F1140000EB90
:1068300082008160082303221F480178204600F06F
:10684000E5FD01211C48007800F00F0000EB8002FC
:1068500004F1140000EB8200C1730020C5F80402AB
:1068600004F53171D4F8D42251F822100868804719
:106870000020C5F81402C5F81802D5F8040208B9BA
:1068800002205CE7207C48B94FF400730948017886
:106890002046D5F8042200F0D1FD07E0402305484A
:1068A00001782046D5F8042200F0C8FD002046E714
:1068B0003B0100203C0100203D01002070B5054651
:1068C0000C462DB92246064906A000F09AFB04E0CA
:1068D0002246034903A000F094FB014870BD00006C
:1068E000780B002043444320496E746572666163EF
:1068F000650000000246042008800148704700003F
:106900004C00002070B505460C462246024903A003
:1069100000F077FB004870BD780B002053544D69A0
:1069200063726F656C656374726F6E696373000088
:1069300070B505460C462DB92246064906A000F062
:1069400060FB04E02246034903A000F05AFB014823
:1069500070BD0000780B002053544D33322056692F
:10696000727475616C20436F6D506F72740000001B
:1069700070B5044604F53070D4F8D41250F82150A4
:10698000D4F8D41250F8210008B9032070BD207C3F
:1069900048B94FF40073094801782046D5F804221D
:1069A00000F04CFD07E04023044801782046D5F86C
:1069B000042200F043FD0020E8E700003C01002035
:1069C000024609B90320704702F53170D2F8D4327B
:1069D00040F823100020F6E770B505460C461A2053
:1069E0002080F9F711FF014870BD00005000002021
:1069F00010B5024602F53070D2F8D44250F8243077
:106A00000BB9032010BDC3F804120020FAE730B51B
:106A100003460C4603F53070D3F8D45250F82510D5
:106A200009B9032030BDC1F80842C1F81022002086
:106A3000F8E72DE9FC4105460C4605F53070D5F820
:106A4000D41250F82160002001900090804616B9C1
:106A50000320BDE8FC81207800F0600000283DD0D4
:106A600020287CD1E08868B3207800F08000B8B19D
:106A7000E288607805F53171D5F8D4C251F82C1050
:106A80008B6831469847E088072801D9072000E045
:106A9000E08807463A463146284600F0E5F81CE013
:106AA000607886F80002E088402801D2E08800E0A3
:106AB000402086F8010296F801223146284600F06F
:106AC000AFF80AE0607805F53171D5F8D42251F8B5
:106AD000221000228B682146984747E0607830B149
:106AE000012832D00A2813D00B282FD121E095F8A5
:106AF0009C02032805D102226946284600F0B4F81A
:106B000005E02146284600F07FF84FF0030824E016
:106B100095F89C02032805D1012201A9284600F01E
:106B2000A3F805E02146284600F06EF84FF0030870
:106B300013E095F89C02032805D02146284600F072
:106B400063F84FF0030808E009E006E02146284614
:106B500000F05AF84FF0030800BF00BF06E02146DE
:106B6000284600F051F84FF0030800BF00BF404630
:106B70006FE770B504460D460026D4F8B8022946E2
:106B800042682046904700B10326304670BD70B57C
:106B900004460D4694F89C02012804D0022803D034
:106BA00003280CD101E000BF00BF6888012805D18F
:106BB0000020C4F8A402204600F068F804E029464A
:106BC000204600F021F800BF00BF70BD0246002043
:106BD000704702460020704770B506460C461546C1
:106BE0002B4622460021304600F028FC002070BDD4
:106BF00070B506460C4615462B4622460021304607
:106C000000F00CFD002070BD70B504460D468021DB
:106C1000204600F0D3FC0021204600F0CFFC70BDE0
:106C200070B504460E4615460320C4F89402C4F815
:106C300054514FF4B27006514FF4AC7005512B46CD
:106C400032460021204600F0F9FB002070BD10B54F
:106C500004460520C4F8940200231A46194620462B
:106C600000F0ECFB002010BD70B504460E46154642
:106C70000220C4F8940265616662A5612B46324623
:106C80000021204600F0CAFC002070BD10B504466B
:106C90000420C4F8940200231A461946204600F046
:106CA000BDFC002010BD70B504460D46E8880128E3
:106CB00004D029462046FFF7A7FF1EE094F89C0267
:106CC000012804D0022803D0032810D109E000BF16
:106CD0000020A060012204F108012046FFF7C4FF54
:106CE0000AE00122211D2046FFF7BEFF04E02946ED
:106CF0002046FFF789FF00BF00BF70BDF8B504460E
:106D00000E460020009000270025708800120628FB
:106D100074D006DC01281BD0022821D003286ED1B4
:106D200032E007286CD00F28F9D1D4F8B402C0693A
:106D300038B1207CD4F8B412CA6969469047074636
:106D400005E031462046FFF75FFF681CC5B2CBE087
:106D5000207CD4F8B4120A68694690470746C3E01D
:106D6000207C40B9D4F8B802816A68468847074653
:106D70000220787007E0D4F8B802C16A68468847F4
:106D8000074602207870AFE0B07806287AD2DFE8B4
:106D900000F00316293F5265D4F8B402406838B1B8
:106DA000207CD4F8B4124A6869469047074605E04B
:106DB00031462046FFF728FF681CC5B269E0D4F8C9
:106DC000B402806838B1207CD4F8B4128A6869466D
:106DD0009047074605E031462046FFF715FF681C3F
:106DE000C5B256E0D4F8B402C06850B1207CD4F8E3
:106DF000B412CA6869469047074608E04BE06CE069
:106E000059E031462046FFF7FFFE681CC5B240E05E
:106E1000D4F8B402006938B1207CD4F8B4120A69FD
:106E200069469047074605E031462046FFF7ECFEED
:106E3000681CC5B22DE0D4F8B402406938B1207C9A
:106E4000D4F8B4124A6969469047074605E03146CE
:106E50002046FFF7D9FE681CC5B21AE0D4F8B40288
:106E6000806940B1207CD4F8B4128A6969469047A1
:106E7000074606E006E031462046FFF7C5FE681CDF
:106E8000C5B206E031462046FFF7BEFE681CC5B21B
:106E900000BF00BF28E0207C30B9D4F8B802416BB5
:106EA00068468847074605E031462046FFF7ACFEB6
:106EB000681CC5B218E0207C40B9D4F8B802016B58
:106EC0006846884707460720787005E03146204627
:106ED000FFF79AFE681CC5B206E031462046FFF770
:106EE00093FE681CC5B200BF00BF05B1F8BDF088B5
:106EF000C0B1BDF8000080B1F088BDF80010884234
:106F000002DDBDF8000000E0F0880090BDF8002030
:106F100039462046FFF7A8FE07E031462046FFF736
:106F200073FE02E02046FFF7B1FE00BFDEE72DE969
:106F3000F84105460F462C462E464FF00008708853
:106F40003178884218DD307800900FE0694620469D
:106F500000F020F804466078052807D1A04698F88C
:106F60000200B84200D106E04FF000087088BDF87A
:106F700000108842EADC00BF4046BDE8F8810146C7
:106F800000200A4602E0431CD8B2521C1378002BA2
:106F9000F9D1704710B5024610460B880478234497
:106FA0000B800378981810BD70B504460D4694F810
:106FB0009C02012804D0022803D003281AD101E042
:106FC00000BF00BFE888022804D029462046FFF70A
:106FD0001BFE14E00120E060D4F8A40218B1E068C0
:106FE00040F00200E060022204F10C012046FFF7AD
:106FF0003BFE04E029462046FFF706FE00BF00BF27
:1070000070BD2DE9F04107460D46904600240FB9AA
:10701000BDE8F0813E463046FFF7B1FF022101EBAB
:107020004000B0F5007F01D9080204E03046FFF7C8
:10703000A6FF4000801CA8F8000098F80000285522
:10704000601CC4B203202855601CC4B208E030782C
:107050002855761C601CC4B200202855601CC4B2A0
:1070600030780028F3D100BFD2E70146002031B1CB
:10707000012906D0022906D0032908D105E0002005
:1070800007E0032005E0012003E0032001E00320E6
:1070900000BF00BF70472DE9F04104460D4616467B
:1070A00014B90320BDE8F0810020C4F8B802C4F888
:1070B000C402C4F8D0020DB1C4F8B452012084F85F
:1070C0009C022670204600F03FF907463846E9E763
:1070D0002DE9F04104460D46002600272946D4F844
:1070E000C802FAF7FAFC06463046FFF7BEFF07462D
:1070F0003846BDE8F0812DE9F04104460D460026F2
:1071000000272946D4F8C802FAF7B2FC06463046F2
:10711000FFF7ABFF07463846BDE8F0812DE9F047A1
:1071200005460F469146002F5AD105F11404D5F8B3
:10713000940202284AD1A1896068884213D9A189A2
:107140006068401A6060A18920690844206128466F
:1071500062682169FFF74CFD00231A46194628464C
:1071600000F06CF932E0A0896168884217D1A189EA
:107170002068884213D32068D5F8981288420ED22E
:10718000002211462846FFF733FD0020C5F898027B
:1071900000231A461946284600F050F916E095F8E3
:1071A0009C0203280BD1D5F8B802C06838B1002082
:1071B000C5F8D402D5F8B802C168284688478021AE
:1071C000284600F0FBF92846FFF741FD95F8A0029C
:1071D00050B3284600F079FA002085F8A00223E099
:1071E00047F080012846FFF7F1FC0646FF2E1BD032
:1071F000D6B995F89C02032816D105F52E7050F8E3
:107200002600406980B1C5F8D46205F52E7050F8AB
:10721000260039464269284690478046B8F1000F5B
:1072200002D04046BDE8F0870020FBE72DE9F0479B
:1072300005460F4691464FF00008002F55D105F541
:10724000AA76D5F89402032873D1B1897068884270
:1072500014D9B1897068401A7060B18930690844E6
:107260003061B3897068984201D9706800E0B089D4
:10727000024628463169FFF7AFFC5AE095F8AA02AA
:1072800000F01F0020B1012804D0022812D109E02B
:10729000002411E040F2AE20415D2846FFF799FC42
:1072A000044609E040F2AE20415D2846FFF78EFC1F
:1072B000044601E0002400BF00BF94B995F89C0289
:1072C00003280ED105F52E7050F82400006940B156
:1072D000C5F8D44205F52E7050F8240001692846FF
:1072E00088472846FFF7D2FC23E007F07F012846B5
:1072F000FFF76CFC0446FF2C1BD0D4B995F89C0218
:10730000032810D105F52E7050F82400806950B183
:10731000C5F8D44205F52E7050F82400394682692C
:10732000284690478046B8F1000F02D04046BDE89D
:10733000F0870020FBE770B504460D462946D4F8D7
:10734000C802FAF778FF70BD10B504461F48C0F8B0
:10735000D842C4F8C802FBF781FA1D481B490860EF
:1073600008200871022119484171C1710021017280
:1073700041728172C172FBF714F908B1F9F741FA51
:1073800004F532741823002211462068FAF72EFB08
:107390005823002280212068FAF728FBC02300220E
:1073A00081212068FAF722FB4FF488730022012123
:1073B0002068FAF71BFB2068A4F532744FF4807341
:1073C00000228221FAF712FB002010BDA00300204A
:1073D0000068004010B50246D2F8C83201F08000C3
:1073E000802809D101F07F0000EB800403F1100038
:1073F00000EBC400807810BD01F07F0000EB80043A
:1074000003F5A87000EBC4008078F4E72DE9F0479D
:1074100004460F4615461E464FF00008C1462B464F
:1074200032463946D4F8C802FAF710FF8046404683
:10743000FFF71BFE81464846BDE8F0872DE9F0477F
:1074400004460D4616461F464FF00008C1463B460F
:1074500032462946D4F8C802FAF73BFF8046404638
:10746000FFF703FE81464846BDE8F08770B5044645
:107470000025012084F89C020020C4F8940260607A
:10748000C4F8A40284F8A002D4F8B80258B1D4F821
:10749000B802406838B12179D4F8B8024268204671
:1074A000904700B103254023002211462046FFF7F4
:1074B000ADFF012140F2631001554021C01E015370
:1074C0004023002280212046FFF7A0FF0121232036
:1074D000015540212184284670BD014691F89C0247
:1074E000042803D191F89D0281F89C020020704786
:1074F00010B5044694F89C0203280BD1D4F8B802C6
:1075000040B1D4F8B802C06920B1D4F8B802C1695A
:1075100020468847002010BD0246117400207047A5
:107520002DE9F04104460D46002600272946D4F8EF
:10753000C802FBF744F906463046FFF796FD0746BA
:107540003846BDE8F08170B504460D46294604F280
:10755000AA2000F07BF80120C4F894024FF42C70AC
:10756000005BC4F8980294F8AA0200F01F0020B152
:10757000012809D0022815D10DE004F2AA212046E5
:1075800000F088F9064616E004F2AA21204600F031
:107590001AFB06460FE004F2AA21204600F0D1F9BA
:1075A000064608E094F8AA0200F08001204600F0A8
:1075B00005F8064600BF00BF304670BD2DE9F0411A
:1075C00004460D46002600272946D4F8C802FAF7DB
:1075D0009EFE06463046FFF748FD07463846BDE8A2
:1075E000F08170B5044600250026D4F8C802FBF7E8
:1075F00009F905462846FFF738FD0646304670BDB6
:10760000014691F89C02042803D091F89C0281F86D
:107610009D02042081F89C02002070472DE9F0476C
:1076200004460D4616461F464FF00008C1463B462D
:1076300032462946D4F8C802FAF7A5FE80464046ED
:10764000FFF713FD81464846BDE8F08770B5054653
:107650000E46344620782870641C20786870641CBC
:107660002046FEF75CFB6880641C641C2046FEF725
:1076700056FBA880641C641C2046FEF750FBE88083
:1076800070BD38B504460D46002000900DB90320AA
:1076900038BDC4F8B85204F52E70D4F8D41250F89E
:1076A0002100C06A50B104F52E70D4F8D42250F8ED
:1076B0002200C16A68468847C4F8D002D4F8D802CC
:1076C000401CC4F8D8020020E2E7014600207047C1
:1076D00070B504460D46A88810BBE88800BB6888D2
:1076E00080281DD2A87800F07F0694F89C02032819
:1076F00004D129462046FFF787FA15E084F89E62F8
:1077000031462046FFF70CFF2046FFF7BFFA1EB1B7
:10771000022084F89C0207E0012084F89C0203E028
:1077200029462046FFF770FA70BD70B504460D4635
:107730000026D4F8B80230B1D4F8B802294602685D
:10774000204690470646304670BD000070B504469E
:107750000E460025B0783D4908700846007801289B
:1077600005D931462046FFF74FFA032070BD94F843
:107770009C02022802D0032859D11FE03348007828
:10778000C0B1324800786060304801782046FFF789
:10779000CCFF05463DB131462046FFF735FA0220C1
:1077A00084F89C0209E02046FFF770FA032084F871
:1077B0009C0202E02046FFF769FA43E02348007884
:1077C00070B9022084F89C022048007860601F484D
:1077D00001782046FFF7CDF92046FFF757FA25E05C
:1077E0001A490978606888421DD021792046FFF740
:1077F000C0F9164800786060144801782046FFF709
:1078000094FF05465DB131462046FFF7FDF9217929
:107810002046FFF7AEF9022084F89C0206E02046DD
:10782000FFF734FA02E02046FFF730FA0AE031466B
:107830002046FFF7E9F9054801782046FFF799F956
:10784000032500BF00BF284690E70000B0000020DD
:1078500070B505460C466088012805D1C5F8A4021C
:107860002846FFF713FA0EE06088022807D1A088A7
:10787000001285F8A0022846FFF708FA03E0214627
:107880002846FFF7C1F970BD10B504462046FFF742
:10789000A8FE10BD70B504460D460026287800F0FD
:1078A000600088B1202802D0402842D100E000BF0B
:1078B00004F52E70D4F8D41250F8210029468268BD
:1078C00020469047064639E068780A282AD2DFE841
:1078D00000F01A24291F290A0529150F29462046D8
:1078E000FFF70CFA23E029462046FFF7F1FE1EE0E1
:1078F00029462046FFF72AFF064618E0294620467B
:10790000FFF7D1F913E029462046FFF74DFB0EE0C3
:1079100029462046FFF79CFF09E029462046FFF74D
:1079200036F904E029462046FFF76EF900BF00BF94
:1079300004E029462046FFF767F900BF00BF304644
:1079400070BD2DE9F04705460F464FF000093C7920
:10795000387800F06000F8B1202802D040287DD1AE
:1079600000E000BF21462846FFF730F90646FF2E0B
:1079700011D086B9C5F8D46205F52E7050F82600EE
:10798000806840B105F52E7050F8260039468268AF
:1079900028469047814612E1787800287AD001285D
:1079A0002FD003286ED195F89C02022802D003281C
:1079B00020D110E054B1802C08D021462846FFF792
:1079C000FDFD80212846FFF7F9FD03E039462846F2
:1079D000FFF71AF913E0788840B93CB1802C05D044
:1079E000F88818B921462846FFF7E8FD2846FFF732
:1079F0004DF904E039462846FFF706F900BF00BFFD
:107A0000D6E095F89C02022802D003283BD110E072
:107A100054B1802C08D021462846FFF7CFFD8021A5
:107A20002846FFF7CBFD03E039462846FFF7ECF880
:107A30002EE0788820BB04F07F0018B1214628464C
:107A4000FFF746FB2846FFF721F921462846FFF7B6
:107A5000BDF80646FF2E13D096B900E0AAE0C5F89F
:107A6000D46205F52E7050F82600806840B105F507
:107A70002E7050F826003946826828469047814685
:107A800006E007E08FE039462846FFF7BDF800BF63
:107A900000BF8DE095F89C02022802D003287BD11C
:107AA00027E034B1802C04D039462846FFF7ACF8E3
:107AB00077E004F08000802808D104F07F0000EB1C
:107AC000800105F1140000EB810007E004F07F0065
:107AD00000EB800105F5AA7000EB810080460020D4
:107AE00088F80E00022208F10E012846FFF7BCF8C4
:107AF00057E004F0800080280ED104F00F0000EB66
:107B0000800105F1140000EB8100C07B98B9394673
:107B10002846FFF779F844E004F00F0000EB8001FD
:107B200005F5AA7000EB8100C07B20B939462846D4
:107B3000FFF76AF835E004F08000802808D104F0EF
:107B40007F0000EB800105F1140000EB810007E0ED
:107B500004F07F0000EB800105F5AA7000EB8100C6
:107B600080460CB1802C03D1002088F80E000CE078
:107B700021462846FFF72EFC20B1012088F80E0090
:107B800003E009E0002088F80E00022208F10E014F
:107B90002846FFF769F804E039462846FFF734F82D
:107BA00000BF00BF04E039462846FFF72DF800BFAC
:107BB00000BF04E039462846FFF726F800BF00BFA3
:107BC0004846BDE8F0872DE9F04105460E460027FE
:107BD000307800F0600030B1202802D0402840D139
:107BE00000E000BF00BF95F89C02012804D00228E5
:107BF00003D003282ED101E000BF00BF3079012857
:107C000023D831792846FEF7E4FF0446FF2C14D030
:107C10009CB905F52E7050F82400806858B1C5F85D
:107C2000D44205F52E7050F824003146826828466B
:107C30009047074602E0032700E00327F08840B999
:107C40003FB92846FFF722F803E031462846FEF701
:107C5000DBFF04E031462846FEF7D6FF00BF00BF39
:107C600004E031462846FEF7CFFF00BF00BF38468C
:107C7000BDE8F081704700000146014870470000F0
:107C80007C0600202DE9F0430246002608784000DB
:107C900032F8100048F68F1400EA0403C87830B1B7
:107CA00001280CD0022805D003280BD104E043F4AE
:107CB000007309E000BF07E043F4C06304E043F44D
:107CC000806301E0012600BF00BF43F4004040F0A4
:107CD00080000C78640022F8140000BF0C78640067
:107CE00032F8144048F68F752C400D7844EA0500B0
:107CF00040F4004444F080040D786D0022F81540F3
:107D000000BF087B00287CD14878002852D000BFF3
:107D10001046B2F8505028440D7800F5806707EB04
:107D2000C504CD886D106D00258000BF00BF0C78A4
:107D3000640032F8140000F040048CB100BF0D78EC
:107D40006D0032F8155048F68F7705EA070444F4C1
:107D5000004545F0C0050F787F0022F8175000BF9E
:107D600000BFC878012813D000BF0C78640032F837
:107D7000144048F6BF7504EA050080F0200040F486
:107D8000004444F080040D786D0022F815409AE21A
:107D900000BF0C78640032F8144048F6BF7504EA5E
:107DA000050040F4004444F080040D786D0022F892
:107DB000154088E200BF1046B2F8505028440D78B4
:107DC000042707EBC50500F58067EC19CD886D1019
:107DD0006D00258000BF00BF1546B2F85040254415
:107DE0000C78062707EBC40405F580673C44204661
:107DF00000BF0788C7F3090707800F6937B90788ED
:107E000000E073E047F40047078026E00F693E2F4B
:107E100010D800BF0F697C080F7C07F0010707B17D
:107E2000641C07884FF6FF7C0CEA842C47EA0C0799
:107E3000078012E000BF0F697C090F7C07F01F0765
:107E400007B9641E07884FF4004C4CEA842C1FFAD3
:107E50008CFC47EA0C07078000BF00BF00BF00BFD3
:107E60000C78640032F8140000F480448CB100BF38
:107E70000D786D0032F8155048F68F7705EA070443
:107E800044F4004545F481450F787F0022F81750EF
:107E900000BF00BF0878A8B900BF0C78640032F8B2
:107EA00014404BF68F7504EA050080F4805080F48E
:107EB000005040F4004444F080040D786D0022F836
:107EC000154000E200BF0C78640032F814404BF615
:107ED0008F7504EA050080F4005040F4004444F03B
:107EE00080040D786D0022F81540ECE1C878022876
:107EF00011D100BF0C78640032F8144048F68F7539
:107F000004EA050040F4004444F4C0740D786D00A8
:107F100022F8154011E000BF0C78640032F81440DC
:107F200048F68F6504EA050040F4004444F08004FC
:107F30000D786D0022F8154000BF00BF00BF00BFE4
:107F40001046B2F8505028440D7800F5806707EBD2
:107F5000C5040D896D106D00258000BF00BF00BFF6
:107F600000BF1046B2F8505028440D78042707EBA4
:107F7000C50500F58067EC194D896D106D002580F1
:107F800000BF00BF00BF4878002877D100BF0C7841
:107F9000640032F8140000F480448CB100BF0D7806
:107FA0006D0032F8155048F68F7705EA070444F45F
:107FB000004545F481450F787F0022F8175000BF37
:107FC00000BF00BF0C78640032F8140000F04004D9
:107FD0008CB100BF0D786D0032F8155048F68F77E0
:107FE00005EA070444F4004545F0C0050F787F001A
:107FF00022F8175000BF00BF00BF00BF4878E0BBA9
:1080000000BF1546B2F8504025440C78022707EB14
:10801000C40405F580673C44204600BF0788C7F3C9
:10802000090707800F6927B9078847F400470780C9
:1080300029E00F693E2F10D800BF0F697C080F7C24
:1080400007F0010707B1641C07884FF6FF7C0CEAB4
:10805000842C47EA0C07078015E000BF0F697C09F4
:108060000F7C07F01F0707B9641E07884FF4004C08
:108070004CEA842C1FFA8CFC01E006E0B2E047EAEF
:108080000C07078000BF00BF11E0487801280ED11F
:1080900000BF1046B2F8505028440D78022707EB75
:1080A000C50500F58067EC190D8A258000BF00BF6B
:1080B00000BF17464878E8BB00BF1546B2F85040ED
:1080C00025440C784FF0060808EBC40405F58068D9
:1080D0004444204600BFB0F80080C8F30908A0F867
:1080E0000080D1F81080B8F1000F06D1B0F8008000
:1080F00048F40048A0F8008037E0D1F81080B8F1CB
:108100003E0F18D800BFD1F810804FEA580491F8FC
:10811000108008F00108B8F1000F00D0641CB0F81E
:1081200000804FF6FF7909EA842948EA0908A0F897
:1081300000801AE01BE000BFD1F810804FEA58140D
:1081400091F8108008F01F08B8F1000F00D1641EEC
:10815000B0F800804FF4004949EA84291FFA89F9F0
:1081600048EA0908A0F8008000BF00BF10E0487886
:1081700001280DD1B2F8500007440878062404EB1A
:10818000C00007F5806400EB040C088AACF800001E
:1081900000BF00BF00BF0C78640032F814404BF6FB
:1081A0008F7504EA050080F4805080F4005040F49C
:1081B000004444F080040D786D0022F8154000BFA3
:1081C00000BF0C78640032F8144048F6BF7504EA2A
:1081D000050040F4004444F080040D786D0022F85E
:1081E000154070E000BF0C78640032F8140000F411
:1081F00080448CB100BF0D786D0032F8155048F600
:108200008F7705EA070444F4004545F481450F786B
:108210007F0022F8175000BF00BF00BF0C78640039
:1082200032F8140000F040048CB100BF0D786D00EE
:1082300032F8155048F68F7705EA070444F40045F4
:1082400045F0C0050F787F0022F8175000BF00BF2F
:10825000C878012813D000BF0C78640032F81440AD
:1082600048F6BF7504EA050080F0200040F40044A1
:1082700044F080040D786D0022F8154011E000BF35
:108280000C78640032F8144048F6BF7504EA050023
:1082900040F4004444F080040D786D0022F815404D
:1082A00000BF00BF0C78640032F814404BF68F75A5
:1082B00004EA050040F4004444F080040D786D00A9
:1082C00022F8154000BF3046BDE8F08330B50246C5
:1082D000087B00285BD1487860B300BF0B785B0057
:1082E00032F8130000F040038BB100BF0C7864003B
:1082F00032F8144048F68F7504EA050343F400444D
:1083000044F0C0040D786D0022F8154000BF00BF96
:1083100000BF0B785B0032F8133048F6BF7403EAF5
:10832000040040F4004343F080030C78640022F81A
:10833000143007E100BF0B785B0032F8130000F443
:1083400080438BB100BF0C78640032F8144048F6CB
:108350008F7504EA050343F4004444F481440D7826
:108360006D0022F8154000BF00BF00BF0B785B0016
:1083700032F813304BF68F7403EA040040F40043E4
:1083800043F080030C78640022F81430DAE0487877
:1083900000286BD100BF0B785B0032F8130000F4AB
:1083A00080438BB100BF0C78640032F8144048F66B
:1083B0008F7504EA050343F4004444F481440D78C6
:1083C0006D0022F8154000BF00BF00BF0B785B00B6
:1083D00032F8130000F040038BB100BF0C7864004A
:1083E00032F8144048F68F7504EA050343F400445C
:1083F00044F0C0040D786D0022F8154000BF00BFA6
:1084000000BF0B785B0032F8133048F68F7403EA34
:10841000040040F4004343F0C0030C78640022F8E9
:10842000143000BF00BF0B785B0032F813304BF6FE
:108430008F7403EA040040F4004343F080030C7897
:10844000640022F8143000BF00BF0B785B0032F8E4
:10845000133048F6BF7403EA040040F4004343F0CD
:1084600080030C78640022F814306BE000BF0B78B6
:108470005B0032F8130000F480438BB100BF0C782E
:10848000640032F8144048F68F7504EA050343F49B
:10849000004444F481440D786D0022F8154000BF7B
:1084A00000BF00BF0B785B0032F8130000F0400300
:1084B0008BB100BF0C78640032F8144048F68F7519
:1084C00004EA050343F4004444F0C0040D786D0051
:1084D00022F8154000BF00BF00BF0B785B0032F8E8
:1084E000133048F68F7403EA040040F4004343F469
:1084F00081430C78640022F8143000BF00BF0B7871
:108500005B0032F8133048F6BF7403EA040040F40D
:10851000004343F080030C78640022F8143000BF5D
:1085200000BF0B785B0032F813304BF68F7403EA10
:10853000040040F4004343F080030C78640022F808
:10854000143000BF002030BD0146B1F8580040F49F
:108550000040A1F85800002070470346012023F88E
:10856000400F0020188098801882403B70470146D9
:108570004BF68072B1F840009043A1F84000002013
:10858000704730B50246487888B300BF0B785B006F
:1085900032F8130000F040038BB100BF0C78640088
:1085A00032F8144048F68F7504EA050343F400449A
:1085B00044F0C0040D786D0022F8154000BF00BFE4
:1085C000C878012845D000BF0B785B0032F8133023
:1085D00048F6BF7403EA040080F0200040F4004332
:1085E00043F080030C78640022F8143031E0FFE798
:1085F00000BF0B785B0032F8130000F480438BB1AE
:1086000000BF0C78640032F8144048F68F7504EA15
:10861000050343F4004444F481440D786D0022F8CE
:10862000154000BF00BF00BF0B785B0032F813306D
:108630004BF68F7403EA040080F4805080F40050FD
:1086400040F4004343F080030C78640022F81430B7
:1086500000BF002030BD10B50246487898B100BF79
:108660000B785B0032F8133048F6BF7403EA04005D
:1086700080F0100040F4004343F080030C78640065
:1086800022F8143013E000BF0B785B0032F813308F
:108690004BF68F7403EA040080F4805040F40043EA
:1086A00043F080030C78640022F8143000BF0020EF
:1086B00010BD2DE9F04706460C466078012876D1BA
:1086C0002169A069884201D9256900E0A569207B5C
:1086D00098B9ABB2E2883046616900F09DFB00BFFB
:1086E0003046B6F8502010442278022303EBC20231
:1086F00000F58063D1180D80B7E2E07802286FD1D1
:108700002169206A88426CD900BF2178490036F877
:10871000111048F68F7201EA020040F4004141F462
:10872000C0712278520026F8121000BF206A401B48
:1087300020622078400036F8100000F04000002849
:1087400073D000BF3346607890BB00BF3246B6F8A6
:1087500050100A4421784FF0060909EBC10102F5D7
:1087600080694944084600BFB0F80090C9F3090980
:10877000A0F8009035B9B0F8009049F40049A0F88D
:1087800000902BE03E2D14D800BF690805F00109C8
:10879000B9F1000F00D0491CB0F800904FF6FF7AF5
:1087A0000AEA812A49EA0A09A0F8009016E072E272
:1087B00018E000BF690905F01F09B9F1000F00D1E9
:1087C000491EB0F800904FF4004A4AEA812A1FFA85
:1087D0008AFA49EA0A09A0F8009000BF00BF11E038
:1087E00078E14EE1607801280CD1B6F850000344DE
:1087F0002078062101EBC00003F5806100EB010C3D
:10880000ACF8005000BF6789ABB23A4630466169A8
:1088100000F002FB6069284460612169206A884297
:1088200004D9206A401B206203E05CE0256A002036
:10883000206200BF6078D8BB00BF3246B6F8501047
:108840000A442178022303EBC10102F58063194435
:10885000084600BF0388C3F30903038025B90388D2
:1088600043F40043038021E03E2D0ED800BF690889
:1088700005F0010303B1491C03884FF6FF7C0CEAA5
:10888000812C43EA0C03038010E000BF690905F066
:108890001F0303B9491E03884FF4004C4CEA812C96
:1088A0001FFA8CFC43EA0C03038000BF00BF11E0F9
:1088B000FFE7607801280DD100BF3046B6F85020A0
:1088C00010442278022303EBC20200F58063D11822
:1088D0000D8000BF00BF2789ABB23A4630466169C0
:1088E00000F09AFAC1E100BF6078D8BB00BF324601
:1088F000B6F850100A442178022303EBC10102F5B7
:1089000080631944084600BF0388C3F3090303804A
:1089100025B9038843F40043038021E03E2D0ED89F
:1089200000BF690805F0010303B1491C03884FF635
:10893000FF7C0CEA812C43EA0C03038010E000BFAB
:10894000690905F01F0303B9491E03884FF4004C61
:108950004CEA812C1FFA8CFC43EA0C03038000BF15
:1089600000BF11E0FFE7607801280DD100BF30465D
:10897000B6F8502010442278022303EBC20200F51F
:108980008063D1180D8000BF00BF2789ABB23A4683
:108990003046616900F040FA6069284460612169ED
:1089A000206A884203D9206A401B206202E0256ABF
:1089B0000020206200BF3346607888BB00BF32468B
:1089C000B6F850100A4421784FF0060909EBC101AE
:1089D00002F580694944084600BFB0F80090C9F329
:1089E0000909A0F8009035B9B0F8009049F40049A1
:1089F000A0F800902AE03E2D13D800BF690805F0CA
:108A00000109B9F1000F00D0491CB0F800904FF6F1
:108A1000FF7A0AEA812A49EA0A09A0F8009015E0DB
:108A200016E000BF690905F01F09B9F1000F00D178
:108A3000491EB0F800904FF4004A4AEA812A1FFA12
:108A40008AFA49EA0A09A0F8009000BF00BF0FE0C7
:108A5000607801280CD1B6F8500003442078062134
:108A600001EBC00003F5806100EB010CACF8005095
:108A700000BF6789ABB23A463046616900F0CCF975
:108A8000F3E0256A00BF2178490036F8111048F656
:108A90008F6201EA020040F4004141F08001227837
:108AA000520026F8121000BF00BF3046B6F8502022
:108AB00010442278022303EBC20200F58063D11830
:108AC0000D8000BF2789ABB23A463046616900F09D
:108AD000A3F9CAE0206A401B20622078400036F8E3
:108AE000100000F04000A8B300BF3346607890BB90
:108AF00000BF3246B6F850100A4421784FF00609FC
:108B000009EBC10102F580694944084600BFB0F88D
:108B10000090C9F30909A0F8009035B9B0F80090A9
:108B200049F40049A0F800902BE03E2D14D800BF76
:108B3000690805F00109B9F1000F00D0491CB0F82F
:108B400000904FF6FF7A0AEA812A49EA0A09A0F85A
:108B5000009016E030E016E000BF690905F01F093B
:108B6000B9F1000F00D1491EB0F800904FF4004A4F
:108B70004AEA812A1FFA8AFA49EA0A09A0F800900B
:108B800000BF00BF0FE0607801280CD1B6F850009C
:108B900003442078062101EBC00003F5806100EB5F
:108BA000010CACF8005000BF6789ABB23A463046C2
:108BB000616900F031F958E000BF6078D8BB00BFB0
:108BC0003246B6F850100A442178022303EBC10163
:108BD00002F580631944084600BF0388C3F3090304
:108BE000038025B9038843F40043038021E03E2D30
:108BF0000ED800BF690805F0010303B1491C0388C2
:108C00004FF6FF7C0CEA812C43EA0C03038010E052
:108C100000BF690905F01F0303B9491E03884FF41B
:108C2000004C4CEA812C1FFA8CFC43EA0C030380B5
:108C300000BF00BF11E0FFE7607801280DD100BF41
:108C40003046B6F8502010442278022303EBC202CB
:108C500000F58063D1180D8000BF00BF2789ABB23B
:108C60003A463046616900F0D7F800BF21784900E4
:108C700036F8111048F6BF7201EA020080F01000C9
:108C800080F0200040F4004141F080012278520041
:108C900026F812107EE0207B80BBA06998B9E078AE
:108CA00088B900BF2178490036F8111048F68F7254
:108CB00001EA020040F4004141F4C0712278520000
:108CC00026F8121011E000BF2178490036F8111083
:108CD00048F68F6201EA020040F4004141F0800151
:108CE0002278520026F8121000BF2169A06988423C
:108CF00005D92169A069401AA06135E002E0002091
:108D0000A06131E0E078022825D1E06910B3207835
:108D1000400036F8108008F4804010B108F04000A0
:108D200028B908F48040A8B908F0400090B900BF05
:108D300000BF2178490036F8111048F68F7201EA19
:108D4000020040F4004141F0C0012278520026F8B0
:108D5000121000BF08E0E078012802D10020A061D5
:108D600002E00120BDE8F08700BF2178490036F815
:108D700011104BF68F7201EA020080F4805080F4EB
:108D8000005040F4004141F080012278520026F862
:108D9000121000BF0020E5E701460020A1F84400C2
:108DA0004BF68072A1F840207047000010B50248D1
:108DB000F9F70CFB10BD0000A00300200146B1F83C
:108DC000440070472DE9F04304460E464FEA530C29
:108DD000A046304608F5806902EB0905674609E0C0
:108DE0002988AD1C0170401C4FEA112980F80090C1
:108DF000401C7F1E002FF3D103F00109B9F1000FD1
:108E000001D029880170BDE8F083024611B98020A5
:108E1000A2F84C00002070472DE9F04304460D46AF
:108E200003F101094FEA590CA046284608F580696C
:108E300002EB0907664609E0017890F8019041EAE3
:108E400009213980BF1C401C401C761E002EF3D126
:108E5000BDE8F083002002490860024908607047BD
:108E6000400100204401002070B504460D4600F08A
:108E70005BFA064672B63DB1012D0BD10848006879
:108E800020430749086006E005480068A0430449FC
:108E9000086000E000BF00BF304600F063FA70BD1C
:108EA00044010020704770B504460D46E04300F0D1
:108EB00041F870BD7047000070B5044600F037FA05
:108EC000054672B604480068A04303490860284676
:108ED00000F04BFA70BD00004C0100207047704755
:108EE000704770472DE9F04105460F46144600F0E3
:108EF0001EFA064672B62846FCF776FD034941F88D
:108F00002040304600F031FABDE8F081F01D00202D
:108F100070B5044600F00BFA054672B604480068C6
:108F2000204303490860284600F01FFA70BD000086
:108F30004C0100202DE9FE4F8146864800680290D2
:108F40008448006800EA0900824908608248D0F835
:108F500000A08248D0F800808148066881480068F7
:108F60000190BCE0002400E0641C7F4850F834000D
:108F700030407849096808400028F5D07A4850F810
:108F8000340030407349096800EA0105764800EB77
:108F9000C4004068284028B94FF0FF30724901EB07
:108FA000C40148606C4807686F4800EBC400406823
:108FB0006E49096861EA00006C490860084600686B
:108FC000874307EA050000B13D4017B90020674913
:108FD0000860654901EBC401496801EA0500FCF736
:108FE00003FD6349086000F0A2F9834672B6604849
:108FF000017801208840584909688143564801603A
:1090000001240DE0601E584951F8300058490A7893
:10901000012191408843611E534A42F83100641E89
:10902000002CEFD1584600F0A0F951480068FFF736
:1090300058FF4F48006820284DD24E484C490968D7
:1090400050F82100002846D0002013E0464901EBEB
:10905000C0014968464A137801229A409143424A26
:1090600002EBC0025160404901EBC00149684DF874
:109070002010401C0028E9D03E493D4A126851F8B2
:109080002200804700200BE0374901EBC00149680E
:109090005DF820201140344A02EBC0025160401CB0
:1090A0000028F1D032480068FFF719FF2A48D0F8AD
:1090B00000A02A48D0F8008029480668294800689E
:1090C00001902B480178012088402849096808430D
:1090D0002649086002E00020FFF7E4FE00BF0AEA2C
:1090E00006001C490968084028B1019808EA0000F8
:1090F00000283FF437AF4FF0FF301D490860194892
:10910000006808EA000000BBFFF7EAFE00F00FF974
:10911000834672B61048D0F800A01048D0F80080FE
:109120000F4806680AEA06000A490968084030B98B
:109130000C48006808EA000008B9FFF7BBFE584673
:1091400000F013F9FFF7CAFE00BF02490298086059
:10915000BDE8FE8F5001002048010020540100208E
:109160004C0100205801002060010020680100200F
:109170005C010020F01D002070B5044600F0D7F817
:10918000054672B604480068204303490860284633
:1091900000F0EBF870BD00005401002070B50446EB
:1091A0000D4600F0C4F8064672B608480068204331
:1091B00006490860064850F835002043044941F844
:1091C0003500304600F0D1F870BD000048010020A5
:1091D000600100202DE9F041044616480768006848
:1091E000B0F1FF3F01D1002504E0124801780120D1
:1091F00000FA01F510480668046003E0214628469D
:10920000FFF751FE0D48006820400028F6D00948BD
:10921000076000F08CF8804672B608480068A043EA
:1092200006490860404600F0A0F803480660BDE823
:10923000F08100005C010020580100205401002052
:1092400070B50A46214C2478A0420CD11F4C2478DA
:109250001F4D2C7000EB40041E4D05EBC404647DD3
:109260001A4D2C7022E000EB40041A4D05EBC404AB
:10927000237D00EB400405EBC404617D00EB40045A
:1092800005EBC404647D03EB4305124E06EBC505F4
:109290006C7506290AD000EB4004354605EBC40482
:1092A000247D01EB410506EBC5052C75012400EB7F
:1092B0004005084E06EBC5052C73044C2478062C9B
:1092C00003D112B9E41F044D2C6070BD08000020CA
:1092D00009000020100300200C00002000BFFEE762
:1092E0007047000002480068C0F302207047000089
:1092F0000CED00E010B5002804DB0A07130E054A48
:10930000135406E00A07140E034A00F00F031B1F54
:10931000D45410BD00E400E018ED00E0EFF310803D
:109320007047EFF310807047EFF310807047EFF352
:1093300010807047EFF31080704702E008C8121FDA
:1093400008C1002AFAD170477047002001E001C12E
:10935000121F002AFBD1704780F31088704780F3FA
:109360001088704780F31088704780F3108870472A
:1093700080F31088704700B587B000200090182255
:10938000002101A8FBF7BAFC3F20ADF804009220B1
:10939000ADF80600CDF814D001200690002101A8F8
:1093A00000F030FC002802DAFF2007B000BD9DF875
:1093B0000000FAE72DE9F04FC9B006460F46904687
:1093C0009946DDF84CB1DDF848A103AD0722002134
:1093D00001A8FBF793FC00242E70641C6F70641CC2
:1093E00085F80280641C1822002143A8FBF786FC44
:1093F0003F20ADF80C018A20ADF80E0103A845907E
:10940000469401A8479007204890002143A800F007
:10941000F9FB002803DAFF2049B0BDE8F08F9DF882
:10942000040010B19DF80400F6E7BDF80500A9F8A6
:109430000000BDF80700AAF80000BDF80900ABF86D
:1094400000000020E8E72DE9F04FC7B006460F46C0
:1094500090469946DDF844B1DDF840A101AD002009
:10946000009000242E70641C6F70641C85F80280CC
:10947000641C85F80390641C85F804A0641C85F8BE
:1094800005B0641C5298A871641C5398C5F8070075
:10949000241D5498E872641C1822002141A8FBF78F
:1094A0002DFC3F20ADF804018620ADF8060101A88F
:1094B00043904494CDF814D101204690002141A856
:1094C00000F0A0FB002803DAFF2047B0BDE8F08FD2
:1094D0009DF80000F9E72DE9F04FC9B080468946B4
:1094E00092469B46559F539D03AE05A82844029083
:1094F00005A82844401C3844019000200090002416
:1095000086F80080641CA6F80190A41CA6F803A0AD
:10951000A41C86F805B0641C5298B071641CF571E7
:10952000641C2A4606F108005499FBF7DDFB2C4425
:1095300002980770641C3A460298401C5699FBF743
:10954000D3FB3C44019957980880A41C0199589872
:109550004880A41C1822002143A8FBF7CFFB3F2022
:10956000ADF80C018320ADF80E0103A84590469498
:10957000CDF81CD101204890002143A800F042FB07
:10958000002803DAFF2049B0BDE8F08F9DF8000005
:10959000F9E770B5C8B0044602AE0020019000257E
:1095A00034706D1C1822002142A8FBF7A7FB3F2056
:1095B000ADF808018520ADF80A0102A84490459550
:1095C00001A8469001204790002142A800F01AFB14
:1095D000002802DAFF2048B070BD9DF80400FAE7C9
:1095E00000B587B0002000901822002101A8FBF7E9
:1095F00085FB3F20ADF804008120ADF80600CDF8D2
:1096000014D001200690002101A800F0FBFA0028E8
:1096100002DAFF2007B000BD9DF80000FAE7F0B5C0
:10962000C7B004460F4601AE0020009000253470FC
:109630006D1C22463946701CFBF756FB2544182248
:10964000002141A8FBF75AFB3F20ADF804018E2012
:10965000ADF8060101A843904495CDF814D101203E
:109660004690002141A800F0CDFA002802DAFF2040
:1096700047B0F0BD9DF80000FAE72DE9F04FC7B004
:1096800081460E4692469B460DF10408012E01D1FB
:10969000022104E0022E01D1102100E000210DF191
:1096A00007000D18032200216846FBF727FB002462
:1096B000A8F80090A41C88F80260641C012E02D057
:1096C000022E04D101E0022705E0102703E09720D5
:1096D00047B0BDE8F08F00BF3A46514608F103009D
:1096E000FBF702FB3C44A5F800B0A41C5098A870FE
:1096F000641C5198E870641C52982871641C53983B
:109700006871641C5498A871641C1822002141A837
:10971000FBF7F4FA3F20ADF804014FF48270ADF886
:10972000060101A843904494CDF814D1032046903B
:10973000002141A800F066FA002801DAFF20C7E7FF
:109740009DF8000010B19DF80000C1E7BDF80110C0
:10975000559801800020BBE72DE9FF4FC7B00446B4
:1097600090469946DDF850B10DF1040A012C01D163
:10977000022104E0022C01D1102100E000210DF1B2
:1097800005000F18032200216846FBF7B7FA0025F1
:109790008AF800406D1C012C02D0022C04D101E09B
:1097A000022605E0102603E097204BB0BDE8F08FBD
:1097B00000BF32460AF101004899FBF795FA35449B
:1097C00087F800806D1C87F801906D1C182200211D
:1097D00041A8FBF793FA3F20ADF804014FF48170E4
:1097E000ADF8060101A843904495CDF814D10320AB
:1097F0004690002141A800F005FA002801DAFF2078
:10980000D3E79DF8000010B19DF80000CDE7BDF84A
:109810000100ABF800000020C7E770B5C8B00446EF
:1098200002AE0020019000253480AD1C18220021DA
:1098300042A8FBF763FA3F20ADF8080140F225107B
:10984000ADF80A0102A84490459501A84690012070
:109850004790002142A800F0D5F9002802DAFF2045
:1098600048B070BD9DF80400FAE700B587B000204D
:1098700000901822002101A8FBF740FA3F20ADF824
:10988000040040F20110ADF80600CDF814D001201C
:109890000690002101A800F0B5F9002802DAFF20A7
:1098A00007B000BD9DF80000FAE72DE9F047C8B009
:1098B0000746884691461E46DDF840A102AD0020CD
:1098C000019000242F80A41CA5F80280A41C85F818
:1098D0000490641C6E71641C32465146A81DFBF74F
:1098E00003FA34441822002142A8FBF707FA3F206C
:1098F000ADF808014FF48370ADF80A0102A8449056
:10990000459401A8469001204790002142A800F00C
:1099100079F9002803DAFF2048B0BDE8F0879DF808
:109920000400F9E770B5C8B0044602AE002001900B
:1099300000253480AD1C1822002142A8FBF7DEF977
:109940003F20ADF808011820ADF80A0102A84490A4
:10995000459501A8469001204790002142A800F0BB
:1099600051F9002802DAFF2048B070BD9DF80400CC
:10997000FAE7F0B5C7B005460E4601AF00200090EB
:1099800000243D70641C7E70641C1822002141A8D4
:10999000FBF7B4F93F20ADF804010F20ADF8060144
:1099A00001A843904494CDF814D1012046900021A1
:1099B00041A800F027F9002802DAFF2047B0F0BDE7
:1099C0009DF80000FAE72DE9F041C8B007460C46C3
:1099D000904602AE00200190002537706D1C747017
:1099E0006D1C22464146B01CFBF77EF92544182227
:1099F000002142A8FBF782F93F20ADF808010C20B6
:109A0000ADF80A0102A84490459501A846900120AE
:109A10004790002142A800F0F5F8002803DAFF2063
:109A200048B0BDE8F0819DF80400F9E700B589B0C1
:109A3000FCF79CFB0E4A00210420FFF753FA0D4867
:109A400001900D48029001A90C4800F06BFA0C48F7
:109A500003900C4804900C48059040F23C5006904E
:109A600003A8FCF7C5FBFCF77DFB09B000BD0000B7
:109A7000DD9F000820070320F5020008F702000818
:109A8000380903202C080320E401032010B500F05E
:109A900055F910BD10B504460120FFF76DFB10BD50
:109AA00010B504460120FFF795FB10BD70B50546C3
:109AB0000C460549606808600448C56100F07AF802
:109AC0002068FCF72DFC70BD980100207C1E002052
:109AD0002DE9F041C8B004460D4616460DF10808C0
:109AE000052200216846FBF709F90027A8F8004085
:109AF000BF1C1822002142A8FBF700F90820ADF88E
:109B000008013020ADF80A0102A844904597CDF82D
:109B100018D105204790002142A800F073F80028D2
:109B200003DAFF2048B0BDE8F0819DF8000010B1D5
:109B30009DF80000F6E79DF8030028709DF80400EA
:109B400030700020EEE72DE9F041C8B006460F4620
:109B5000904602AD0020019000242E70641C6F70AE
:109B6000641C85F80280641C1822002142A8FBF7BF
:109B7000C5F80820ADF808013120ADF80A0102A8A7
:109B80004490459401A8469001204790002142A8A6
:109B900000F038F8002803DAFF2048B0BDE8F08173
:109BA0009DF80400F9E710B5044600210220FFF7F4
:109BB000F5FA10BD024901600249016170470000D9
:109BC000F56000083D61000800B587B000200090F6
:109BD0001822002101A8FBF791F80320ADF804003A
:109BE000ADF80600CDF814D001200690002101A8A0
:109BF00000F008F8002802DAFF2007B000BD9DF849
:109C00000000FAE72DE9F84F04468A460020FBF7EA
:109C10003FF84FF000092188608861F39F2087B2E8
:109C2000012026490870217B3846A268FCF780F89D
:109C30003BE048F2E800FFF733FF31E06946204897
:109C4000FAF78CFE0098407A0F280DD1009800F1A9
:109C50000B067088B84202D130782169087070789C
:109C6000F0B14FF001091BE0009800F10B05B5F8C9
:109C70000100B84210D10098807AC01E00F0FF08A1
:109C80006069404501DD404600E060696061E91CB3
:109C9000D4E90402F6F770FA287808B14FF0010908
:109CA0000748FAF74AFE0028C8D0B9F1000FC0D023
:109CB0000120FAF7EDFF0020BDE8F88F9C0100209D
:109CC000900100200EB51A48FAF737FE00BB19487C
:109CD0000078E8B102A91648FAF740FE1648C069B4
:109CE00068B10298019001208DF800001248C16906
:109CF000684688479DF800000E49087002E0012080
:109D00000C4908700B48007818B10298FCF75EFA0D
:109D100003E007480299FAF7EEFD0548FAF70DFE51
:109D200028B90448007810B10148FFF73CFF0EBD88
:109D3000AD010020BC0100207C1E002070B5002475
:109D40000EE0E0B20849FCF7EBF805460DB1F6F776
:109D500058FD0548FCF770F90520F7F7F7F8641C83
:109D6000042CEEDB70BD00005C02002010B5002466
:109D70000BE0E0B20649FCF7D3F804EB4400054AD7
:109D800081180348FCF7E0F8641C042CF1DB10BDDB
:109D90005C020020701E00202DE9F041044634488A
:109DA0000078062811D132480078324908703048CE
:109DB0000470062004EB44012F4A02EBC1014875F0
:109DC000C01F2E49086000264EE0FBF7E5FD064661
:109DD00004EB4400284901EBC0008068304404EBE8
:109DE0004401254A02EBC101886004EB440011469E
:109DF00001EBC00087681E48007800EB400001EBD3
:109E0000C0008068B84224D81948057805EB4500A1
:109E100001EBC00090F815800BE005EB45001649FA
:109E200001EBC000457D05EB450001EBC00090F85B
:109E30001580B8F1060F07D008EB48000E4901EB7A
:109E4000C0008068B842E8D929462046FAF7A6FD46
:109E50000AE0074801782046FAF7C2FD0448007876
:109E600004490870024804703046BDE8F0810000E3
:109E70000800002009000020100300200C00002032
:109E8000F7F770FCFAF720FEFBF78EFFFBF707FBF6
:109E9000FAF79EFEFAF73AFEFAF7D4FDFAF7AAFEB1
:109EA000FAF7CCFEFAF768FEFAF7A2FEFFF7EEFD2E
:109EB00000BF0B49052001F1800252F82020094B18
:109EC0009A4201D0012200E00022002AF1D1FAF7E3
:109ED00009FE03E000F008F8FAF712FEFAE70000C6
:109EE000001400580004008010B5F7F723F9064964
:109EF0000968401A642805D3F7F71CF9024908607D
:109F0000FFF734FF10BD00006C01002010B50446BF
:109F10000220FFF731F910BD10B504460220FFF70B
:109F200059F910BD70B505460C46054960680860D2
:109F30000448C56100F010F82068FCF715FA70BD00
:109F4000A00100209C1E002010B504460021042022
:109F5000FFF724F910BD00000249016002490161C8
:109F600070470000516200088D6200082DE9F04141
:109F700005460C4616461F460020F6F707FC144817
:109F80000068A0F8095012480068C47222463146A1
:109F90000F4800680C30F6F7EFF801200D49087003
:109FA0000D48002102690846904748F2E800FFF793
:109FB000B3FF074800688078C21C0548016807F1B4
:109FC0000800F6F7D9F80120F6F7E0FBBDE8F081CC
:109FD000F0010020A40100209C1E00200EB51A48AC
:109FE000FAF7ABFC00BB19480078E8B102A91648A3
:109FF000FAF7B4FC1648C06968B1029801900120D4
:10A000008DF800001248C169684688479DF8000035
:10A010000E49087002E001200C4908700B480078D6
:10A0200018B10298FCF7D2F803E007480299FAF752
:10A0300062FC0548FAF781FC28B90448007810B1A1
:10A040000148FFF781FF0EBDE4010020F40100206C
:10A050009C1E002000000048010000000000004895
:10A06000010000000000004801000000000000485E
:10A07000010000000000004801000000000000484E
:10A08000010000000000004801000000000000483E
:10A09000010000000000004801000000000000482E
:10A0A000010000000000004801000000000000481E
:10A0B000010000000000004801000000000000480E
:10A0C00001000000000000480100000000000048FE
:10A0D00001000000000000480100000000000048EE
:10A0E00001000000000000480100000000000048DE
:10A0F00001000000000000480100000000000048CE
:10A1000001000000000000480100000000000048BD
:10A1100001000000000000480100000000000048AD
:10A12000010000000000004801000000000000489D
:10A13000010000000000004801000000000000488D
:10A14000010000000000004801000000000000487D
:10A15000010000000000004801000000000000486D
:10A16000010000000000004801000000000000485D
:10A17000010000000000004801000000000000484D
:10A1800001000000000000000000000000000000CE
:10A1900054A00008440A0320480A032026040400AF
:10A1A000EEDDCCBBAA11123456789ABCDEF0123424
:10A1B00056789ABCDEF0FEDCBA0987654321FEDCE6
:10A1C000BA09876543210950325053525631000075
:10A1D000000000000000000000000000000000007F
:10A1E00000000000440008004005020112299C0004
:10A1F000F4010000FFFFFFFF480101000020000004
:10A2000000037206000000000D00040000000000C2
:10A2100000000000120000002400000036000000D2
:10A2200040000000060000000C00000010000000CC
:10A230000000000001000000020000000300000018
:10A240000100000003000000050000000100000004
:10A2500001000000060000000A00000020000000CD
:10A2600002000000040000000800000010000000D0
:10A27000400000008000000000010000000200001B
:10A2800000000000000000000000000000000000CE
:10A2900001000000020000000300000004000000B4
:10A2A000A0860100400D0300801A060000350C0056
:10A2B00040420F0080841E0000093D0000127A0019
:10A2C0000024F40000366E010048E801006CDC0256
:10A2D000000000000000000000000000000000007E
:10A2E0000100000003000000020000000200000066
:10A2F0000100000002000000020000000600000053
:10A300000400000003000000020000000400000040
:10A31000040000000C00000008000000060000001F
:10A320000400000008000000040000000C00000011
:10A330000800000006000000040000000800000003
:10A3400070A3000808000020F0010000F8010008D8
:10A3500038A4000800000320680A0000F801000883
:10A3600038A40008F8010020C82000004A93000823
:10A37000011013DD651408F568140805691B083120
:10A38000041AD90413CD631B08BD14411312011420
:10A39000020202164083044057260201020301070D
:10A3A0001A040309041A03133D071B08390413F5A3
:10A3B000061B0861081A7D04E105120DFF018332B6
:10A3C00010195F2153093D130A0632022A40141363
:10A3D0001D671B0809AC4B336A4C1AED0C13016462
:10A3E0001B08BF04C11391661B084D041AD9041A37
:10A3F0003D041C090243B7111DC03209045D1A0255
:10A400000B13052416100105240110090104240270
:10A4100002052406170107058203081C100904ED34
:10A42000320A2E0705010240072A8107E4810182D2
:10A430005AFF0101A400000001FF01FF01FF01FF1D
:10A4400001FF01FF01FF01FF01FF01FF0172000099
:040000050800013DB1
:00000001FF
